node 721b26db started with 10 worker loops, Redis at redis://127.0.0.1:6379 (Ctrl+C to stop)
[721b26db loop 0] job 0001  file html  https://doc.rust-lang.org/std/option/enum.Option.html  +69 links
[721b26db loop 3] job 0001  file html  https://doc.rust-lang.org/std/env/index.html  +30 links
[721b26db loop 8] job 0001  file html  https://doc.rust-lang.org/std/char/index.html  +24 links
[721b26db loop 1] job 0001  file html  https://doc.rust-lang.org/std/io/index.html  +60 links
[721b26db loop 4] job 0001  file html  https://doc.rust-lang.org/std/prelude/index.html  +67 links
[721b26db loop 2] job 0001  file html  https://doc.rust-lang.org/std/thread/index.html  +35 links
[721b26db loop 5] job 0001  file html  https://doc.rust-lang.org/std/slice/index.html  +40 links
[721b26db loop 7] job 0001  file html  https://doc.rust-lang.org/std/primitive.char.html  +85 links
[721b26db loop 6] job 0001  file html  https://doc.rust-lang.org/std/cmp/index.html  +23 links
[721b26db loop 9] job 0001  file html  https://doc.rust-lang.org/std/primitive.str.html  +122 links
[721b26db loop 3] job 0001  file html  https://doc.rust-lang.org/std/primitive.f64.html  +81 links
[721b26db loop 0] job 0001  file html  https://doc.rust-lang.org/std/primitive.f32.html  +80 links
[721b26db loop 6] job 0001  file html  https://doc.rust-lang.org/std/backtrace/index.html  +5 links
[721b26db loop 5] job 0001  file html  https://doc.rust-lang.org/std/primitive.reference.html  +46 links
[721b26db loop 7] job 0001  file html  https://doc.rust-lang.org/std/ascii/index.html  +6 links
[721b26db loop 9] job 0001  file html  https://doc.rust-lang.org/std/convert/index.html  +14 links
[721b26db loop 2] job 0001  file html  https://doc.rust-lang.org/std/primitive.pointer.html  +83 links
[721b26db loop 3] job 0001  file html  https://doc.rust-lang.org/std/f32/index.html  +18 links
[721b26db loop 0] job 0001  file html  https://doc.rust-lang.org/std/f64/index.html  +18 links
[721b26db loop 6] job 0001  file html  https://doc.rust-lang.org/std/marker/index.html  +36 links
[721b26db loop 7] job 0001  file html  https://doc.rust-lang.org/std/panic/index.html  +19 links
[721b26db loop 5] job 0001  file html  https://doc.rust-lang.org/std/os/index.html  +10 links
[721b26db loop 9] job 0001  file html  https://doc.rust-lang.org/std/range/index.html  +12 links
[721b26db loop 2] job 0001  file html  https://doc.rust-lang.org/std/rc/index.html  +13 links
[721b26db loop 3] job 0001  file html  https://doc.rust-lang.org/std/str/index.html  +42 links
[721b26db loop 0] job 0001  file html  https://doc.rust-lang.org/std/time/index.html  +8 links
[721b26db loop 6] job 0001  file html  https://doc.rust-lang.org/std/vec/index.html  +14 links
[721b26db loop 7] job 0001  file html  https://doc.rust-lang.org/std/pat/index.html  +3 links
[721b26db loop 5] job 0001  file html  https://doc.rust-lang.org/std/random/index.html  +7 links
[721b26db loop 9] job 0001  file html  https://doc.rust-lang.org/std/simd/index.html  +156 links
[721b26db loop 2] job 0001  file html  https://doc.rust-lang.org/std/unsafe_binder/index.html  +4 links
[721b26db loop 0] job 0001  file html  https://doc.rust-lang.org/std/macro.assert.html  +4 links
[721b26db loop 3] job 0001  file html  https://doc.rust-lang.org/std/view/index.html  +3 links
[721b26db loop 6] job 0001  file html  https://doc.rust-lang.org/std/macro.assert_eq.html  +5 links
[721b26db loop 9] job 0001  file html  https://doc.rust-lang.org/std/macro.debug_assert_eq.html  +3 links
[721b26db loop 8] job 0001  file html  https://doc.rust-lang.org/std/primitive.i8.html  +121 links
[721b26db loop 1] job 0001  file html  https://doc.rust-lang.org/std/primitive.i32.html  +122 links
[721b26db loop 7] job 0001  file html  https://doc.rust-lang.org/std/cmp/trait.PartialEq.html  +201 links
[721b26db loop 5] job 0001  file html  https://doc.rust-lang.org/std/macro.assert_matches.html  +4 links
[721b26db loop 0] job 0001  file html  https://doc.rust-lang.org/std/backtrace/struct.BacktraceFrame.html  +25 links
[721b26db loop 4] job 0001  file html  https://doc.rust-lang.org/std/primitive.i64.html  +122 links
[721b26db loop 2] job 0001  file html  https://doc.rust-lang.org/std/attribute.deny.html  +5 links
[721b26db loop 3] job 0001  file html  https://doc.rust-lang.org/std/boxed/struct.Box.html  +181 links
[721b26db loop 9] job 0001  file html  https://doc.rust-lang.org/std/char/struct.CharTryFromError.html  +45 links
[721b26db loop 8] job 0001  file html  https://doc.rust-lang.org/std/char/struct.DecodeUtf16.html  +86 links
[721b26db loop 6] job 0001  file html  https://doc.rust-lang.org/std/bstr/struct.ByteString.html  +127 links
[721b26db loop 1] job 0001  file html  https://doc.rust-lang.org/std/char/struct.ToTitlecase.html  +88 links
[721b26db loop 7] job 0001  file html  https://doc.rust-lang.org/std/char/struct.ToUppercase.html  +88 links
[721b26db loop 5] job 0001  file html  https://doc.rust-lang.org/std/char/struct.TryFromCharError.html  +43 links
[721b26db loop 0] job 0001  file html  https://doc.rust-lang.org/std/collections/struct.BinaryHeap.html  +55 links
[721b26db loop 4] job 0001  file html  https://doc.rust-lang.org/std/collections/struct.TryReserveError.html  +45 links
[721b26db loop 3] job 0001  file html  https://doc.rust-lang.org/std/collections/binary_heap/struct.Drain.html  +83 links
[721b26db loop 2] job 0001  file html  https://doc.rust-lang.org/std/collections/struct.VecDeque.html  +83 links
[721b26db loop 9] job 0001  file html  https://doc.rust-lang.org/std/collections/binary_heap/struct.IntoIterSorted.html  +87 links
[721b26db loop 8] job 0001  file html  https://doc.rust-lang.org/std/collections/binary_heap/struct.Iter.html  +85 links
[721b26db loop 6] job 0001  file html  https://doc.rust-lang.org/std/collections/binary_heap/struct.PeekMut.html  +37 links
[721b26db loop 1] job 0001  file html  https://doc.rust-lang.org/std/collections/btree_map/struct.BTreeMap.html  +76 links
[721b26db loop 7] job 0001  file html  https://doc.rust-lang.org/std/collections/btree_map/struct.Cursor.html  +34 links
[721b26db loop 5] job 0001  file html  https://doc.rust-lang.org/std/collections/btree_map/struct.CursorMut.html  +37 links
[721b26db loop 0] job 0001  file html  https://doc.rust-lang.org/std/collections/btree_map/struct.ExtractIf.html  +84 links
[721b26db loop 4] job 0001  file html  https://doc.rust-lang.org/std/collections/btree_map/struct.IntoIter.html  +86 links
[721b26db loop 3] job 0001  file html  https://doc.rust-lang.org/std/collections/btree_map/struct.IntoKeys.html  +84 links
[721b26db loop 2] job 0001  file html  https://doc.rust-lang.org/std/collections/btree_map/struct.IterMut.html  +82 links
[721b26db loop 9] job 0001  file html  https://doc.rust-lang.org/std/collections/btree_map/struct.Keys.html  +86 links
[721b26db loop 8] job 0001  file html  https://doc.rust-lang.org/std/collections/btree_map/struct.OccupiedEntry.html  +33 links
[721b26db loop 6] job 0001  file html  https://doc.rust-lang.org/std/collections/btree_map/struct.Range.html  +85 links
[721b26db loop 1] job 0001  file html  https://doc.rust-lang.org/std/collections/btree_map/struct.RangeMut.html  +81 links
[721b26db loop 7] job 0001  file html  https://doc.rust-lang.org/std/collections/btree_map/struct.UnorderedKeyError.html  +44 links
[721b26db loop 0] job 0001  file html  https://doc.rust-lang.org/std/collections/btree_map/struct.ValuesMut.html  +82 links
[721b26db loop 5] job 0001  file html  https://doc.rust-lang.org/std/collections/btree_map/struct.Values.html  +86 links
[721b26db loop 4] job 0001  file html  https://doc.rust-lang.org/std/collections/btree_set/struct.Cursor.html  +34 links
[721b26db loop 3] job 0001  file html  https://doc.rust-lang.org/std/collections/btree_set/struct.CursorMutKey.html  +35 links
[721b26db loop 2] job 0001  file html  https://doc.rust-lang.org/std/collections/btree_set/struct.ExtractIf.html  +84 links
[721b26db loop 9] job 0001  file html  https://doc.rust-lang.org/std/collections/btree_set/struct.Intersection.html  +87 links
[721b26db loop 8] job 0001  file html  https://doc.rust-lang.org/std/collections/btree_set/struct.IntoIter.html  +84 links
[721b26db loop 6] job 0001  file html  https://doc.rust-lang.org/std/collections/btree_set/struct.OccupiedEntry.html  +32 links
[721b26db loop 1] job 0001  file html  https://doc.rust-lang.org/std/collections/btree_set/struct.Range.html  +85 links
[721b26db loop 7] job 0001  file html  https://doc.rust-lang.org/std/collections/btree_set/struct.SymmetricDifference.html  +85 links
[721b26db loop 0] job 0001  file html  https://doc.rust-lang.org/std/collections/btree_set/struct.UnorderedKeyError.html  +45 links
[721b26db loop 5] job 0001  file html  https://doc.rust-lang.org/std/collections/hash_map/struct.DefaultHasher.html  +47 links
[721b26db loop 4] job 0001  file html  https://doc.rust-lang.org/std/collections/hash_map/struct.Drain.html  +80 links
[721b26db loop 3] job 0001  file html  https://doc.rust-lang.org/std/collections/hash_map/struct.ExtractIf.html  +79 links
[721b26db loop 2] job 0001  file html  https://doc.rust-lang.org/std/collections/hash_map/struct.IntoIter.html  +80 links
[721b26db loop 9] job 0001  file html  https://doc.rust-lang.org/std/collections/hash_map/struct.IntoKeys.html  +80 links
[721b26db loop 8] job 0001  file html  https://doc.rust-lang.org/std/collections/hash_map/struct.IntoValues.html  +80 links
[721b26db loop 6] job 0001  file html  https://doc.rust-lang.org/std/collections/hash_map/struct.Iter.html  +83 links
[721b26db loop 1] job 0001  file html  https://doc.rust-lang.org/std/collections/hash_map/struct.OccupiedError.html  +30 links
[721b26db loop 7] job 0001  file html  https://doc.rust-lang.org/std/collections/hash_map/struct.VacantEntry.html  +30 links
[721b26db loop 0] job 0001  file html  https://doc.rust-lang.org/std/collections/hash_map/struct.Values.html  +83 links
[721b26db loop 5] job 0001  file html  https://doc.rust-lang.org/std/collections/hash_set/struct.Drain.html  +80 links
[721b26db loop 4] job 0001  file html  https://doc.rust-lang.org/std/collections/hash_set/struct.HashSet.html  +68 links
[721b26db loop 3] job 0001  file html  https://doc.rust-lang.org/std/collections/hash_set/struct.Iter.html  +83 links
[721b26db loop 2] job 0001  file html  https://doc.rust-lang.org/std/collections/hash_set/struct.SymmetricDifference.html  +87 links
[721b26db loop 9] job 0001  file html  https://doc.rust-lang.org/std/collections/hash_set/struct.VacantEntry.html  +31 links
[721b26db loop 8] job 0001  file html  https://doc.rust-lang.org/std/collections/linked_list/struct.CursorMut.html  +34 links
[721b26db loop 6] job 0001  file html  https://doc.rust-lang.org/std/collections/linked_list/struct.Iter.html  +85 links
[721b26db loop 1] job 0001  file html  https://doc.rust-lang.org/std/collections/linked_list/struct.IterMut.html  +81 links
[721b26db loop 5] job 0001  file html  https://doc.rust-lang.org/std/collections/vec_deque/struct.Iter.html  +86 links
[721b26db loop 7] job 0001  file html  https://doc.rust-lang.org/std/collections/linked_list/struct.LinkedList.html  +63 links
[721b26db loop 0] job 0001  file html  https://doc.rust-lang.org/std/collections/vec_deque/struct.ExtractIf.html  +84 links
[721b26db loop 4] job 0001  file html  https://doc.rust-lang.org/std/collections/vec_deque/struct.VecDeque.html  +85 links
[721b26db loop 3] job 0001  file html  https://doc.rust-lang.org/std/env/struct.JoinPathsError.html  +33 links
[721b26db loop 2] job 0001  file html  https://doc.rust-lang.org/std/env/struct.VarsOs.html  +76 links
[721b26db loop 8] job 0001  file html  https://doc.rust-lang.org/std/ffi/struct.CStr.html  +60 links
[721b26db loop 9] job 0001  file html  https://doc.rust-lang.org/std/error/struct.Request.html  +23 links
[721b26db loop 1] job 0001  file html  https://doc.rust-lang.org/std/ffi/struct.IntoStringError.html  +44 links
[721b26db loop 6] job 0001  file html  https://doc.rust-lang.org/std/ffi/struct.FromBytesUntilNulError.html  +44 links
[721b26db loop 5] job 0001  file html  https://doc.rust-lang.org/std/ffi/struct.OsString.html  +78 links
[721b26db loop 7] job 0001  file html  https://doc.rust-lang.org/std/ffi/struct.VaList.html  +37 links
[721b26db loop 0] job 0001  file html  https://doc.rust-lang.org/std/ffi/c_str/struct.FromBytesUntilNulError.html  +46 links
[721b26db loop 4] job 0001  file html  https://doc.rust-lang.org/std/ffi/c_str/struct.NulError.html  +48 links
[721b26db loop 3] job 0001  file html  https://doc.rust-lang.org/std/fmt/struct.Arguments.html  +40 links
[721b26db loop 2] job 0001  file html  https://doc.rust-lang.org/std/fmt/struct.DebugList.html  +28 links
[721b26db loop 9] job 0001  file html  https://doc.rust-lang.org/std/fmt/struct.DebugSet.html  +28 links
[721b26db loop 1] job 0001  file html  https://doc.rust-lang.org/std/fmt/struct.DebugTuple.html  +27 links
[721b26db loop 8] job 0001  file html  https://doc.rust-lang.org/std/fmt/struct.DebugMap.html  +29 links
[721b26db loop 6] job 0001  file html  https://doc.rust-lang.org/std/fmt/struct.Error.html  +50 links
[721b26db loop 5] job 0001  file html  https://doc.rust-lang.org/std/fmt/struct.FormattingOptions.html  +48 links
[721b26db loop 3] job 0001  file html  https://doc.rust-lang.org/std/fs/struct.DirEntry.html  +39 links
[721b26db loop 7] job 0001  file html  https://doc.rust-lang.org/std/fmt/struct.FromFn.html  +31 links
[721b26db loop 4] job 0001  file html  https://doc.rust-lang.org/std/fs/struct.DirBuilder.html  +32 links
[721b26db loop 0] job 0001  file html  https://doc.rust-lang.org/std/fs/struct.Dir.html  +42 links
[721b26db loop 5] job 0001  file html  https://doc.rust-lang.org/std/hash/struct.BuildHasherDefault.html  +41 links
[721b26db loop 2] job 0001  file html  https://doc.rust-lang.org/std/fs/struct.FileTimes.html  +36 links
[721b26db loop 9] job 0001  file html  https://doc.rust-lang.org/std/fs/struct.Metadata.html  +49 links
[721b26db loop 8] job 0001  file html  https://doc.rust-lang.org/std/future/struct.PollFn.html  +33 links
[721b26db loop 6] job 0001  file html  https://doc.rust-lang.org/std/future/struct.Ready.html  +37 links
[721b26db loop 1] job 0001  file html  https://doc.rust-lang.org/std/fs/struct.Permissions.html  +38 links
[721b26db loop 3] job 0001  file html  https://doc.rust-lang.org/std/hash/struct.DefaultHasher.html  +45 links
[721b26db loop 4] job 0001  file html  https://doc.rust-lang.org/std/hash/struct.SipHasher.html  +45 links
[721b26db loop 0] job 0001  file html  https://doc.rust-lang.org/std/intrinsics/mir/struct.ReturnToArg.html  +23 links
[721b26db loop 7] job 0001  file html  https://doc.rust-lang.org/std/hash/struct.RandomState.html  +37 links
[721b26db loop 5] job 0001  file html  https://doc.rust-lang.org/std/io/struct.BorrowedBuf.html  +32 links
[721b26db loop 2] job 0001  file html  https://doc.rust-lang.org/std/io/struct.BufReader.html  +48 links
[721b26db loop 8] job 0001  file html  https://doc.rust-lang.org/std/io/struct.Bytes.html  +81 links
[721b26db loop 9] job 0001  file html  https://doc.rust-lang.org/std/io/struct.BufWriter.html  +43 links
[721b26db loop 6] job 0001  file html  https://doc.rust-lang.org/std/io/struct.Chain.html  +44 links
[721b26db loop 1] job 0001  file html  https://doc.rust-lang.org/std/io/struct.Cursor.html  +61 links
[721b26db loop 3] job 0001  file html  https://doc.rust-lang.org/std/io/struct.Empty.html  +57 links
[721b26db loop 7] job 0001  file html  https://doc.rust-lang.org/std/io/struct.LineWriter.html  +35 links
[721b26db loop 5] job 0001  file html  https://doc.rust-lang.org/std/io/struct.Lines.html  +81 links
[721b26db loop 2] job 0001  file html  https://doc.rust-lang.org/std/io/struct.Sink.html  +40 links
[721b26db loop 8] job 0001  file html  https://doc.rust-lang.org/std/io/struct.Stderr.html  +50 links
[721b26db loop 6] job 0001  file html  https://doc.rust-lang.org/std/io/struct.Take.html  +46 links
[721b26db loop 4] job 0001  file html  https://doc.rust-lang.org/std/io/struct.IntoInnerError.html  +35 links
[721b26db loop 9] job 0001  file html  https://doc.rust-lang.org/std/io/struct.Stdout.html  +50 links
[721b26db loop 0] job 0001  file html  https://doc.rust-lang.org/std/io/struct.IoSlice.html  +74 links
[721b26db loop 1] job 0001  file html  https://doc.rust-lang.org/std/iter/struct.ArrayChunks.html  +82 links
[721b26db loop 3] job 0001  file html  https://doc.rust-lang.org/std/iter/struct.ByRefSized.html  +78 links
[721b26db loop 5] job 0001  file html  https://doc.rust-lang.org/std/iter/struct.Cloned.html  +83 links
[721b26db loop 8] job 0001  file html  https://doc.rust-lang.org/std/iter/struct.Cycle.html  +82 links
[721b26db loop 7] job 0001  file html  https://doc.rust-lang.org/std/iter/struct.Chain.html  +84 links
[721b26db loop 2] job 0001  file html  https://doc.rust-lang.org/std/iter/struct.Copied.html  +83 links
[721b26db loop 6] job 0001  file html  https://doc.rust-lang.org/std/iter/struct.Filter.html  +82 links
[721b26db loop 4] job 0001  file html  https://doc.rust-lang.org/std/iter/struct.Flatten.html  +83 links
[721b26db loop 0] job 0001  file html  https://doc.rust-lang.org/std/iter/struct.Map.html  +83 links
[721b26db loop 3] job 0001  file html  https://doc.rust-lang.org/std/iter/struct.Peekable.html  +84 links
[721b26db loop 9] job 0001  file html  https://doc.rust-lang.org/std/iter/struct.IntersperseWith.html  +81 links
[721b26db loop 1] job 0001  file html  https://doc.rust-lang.org/std/iter/struct.Once.html  +85 links
[721b26db loop 5] job 0001  file html  https://doc.rust-lang.org/std/iter/struct.RepeatN.html  +85 links
[721b26db loop 8] job 0001  file html  https://doc.rust-lang.org/std/iter/struct.Rev.html  +83 links
[721b26db loop 7] job 0001  file html  https://doc.rust-lang.org/std/iter/struct.Skip.html  +83 links
[721b26db loop 2] job 0001  file html  https://doc.rust-lang.org/std/iter/struct.StepBy.html  +83 links
[721b26db loop 6] job 0001  file html  https://doc.rust-lang.org/std/iter/struct.Zip.html  +84 links
[721b26db loop 4] job 0001  file html  https://doc.rust-lang.org/std/marker/struct.PhantomContravariant.html  +44 links
[721b26db loop 0] job 0001  file html  https://doc.rust-lang.org/std/marker/struct.PhantomCovariant.html  +44 links
[721b26db loop 9] job 0001  file html  https://doc.rust-lang.org/std/marker/struct.PhantomPinned.html  +43 links
[721b26db loop 3] job 0001  file html  https://doc.rust-lang.org/std/marker/struct.PhantomInvariant.html  +43 links
[721b26db loop 1] job 0001  file html  https://doc.rust-lang.org/std/mem/struct.Assume.html  +40 links
[721b26db loop 5] job 0001  file html  https://doc.rust-lang.org/std/mem/struct.DropGuard.html  +32 links
[721b26db loop 7] job 0001  file html  https://doc.rust-lang.org/std/mem/type_info/struct.Array.html  +28 links
[721b26db loop 8] job 0001  file html  https://doc.rust-lang.org/std/mem/struct.MaybeDangling.html  +36 links
[721b26db loop 6] job 0001  file html  https://doc.rust-lang.org/std/mem/type_info/struct.Const.html  +27 links
[721b26db loop 9] job 0001  file html  https://doc.rust-lang.org/std/mem/type_info/struct.Field.html  +29 links
[721b26db loop 2] job 0001  file html  https://doc.rust-lang.org/std/mem/type_info/struct.Char.html  +27 links
[721b26db loop 4] job 0001  file html  https://doc.rust-lang.org/std/mem/type_info/struct.DynTrait.html  +28 links
[721b26db loop 0] job 0001  file html  https://doc.rust-lang.org/std/mem/type_info/struct.Enum.html  +30 links
[721b26db loop 3] job 0001  file html  https://doc.rust-lang.org/std/mem/type_info/struct.FieldId.html  +45 links
[721b26db loop 1] job 0001  file html  https://doc.rust-lang.org/std/mem/type_info/struct.FnPtr.html  +31 links
[721b26db loop 5] job 0001  file html  https://doc.rust-lang.org/std/mem/type_info/struct.Float.html  +28 links
[721b26db loop 7] job 0001  file html  https://doc.rust-lang.org/std/mem/type_info/struct.Int.html  +29 links
[721b26db loop 8] job 0001  file html  https://doc.rust-lang.org/std/mem/type_info/struct.Lifetime.html  +27 links
[721b26db loop 6] job 0001  file html  https://doc.rust-lang.org/std/mem/type_info/struct.Slice.html  +27 links
[721b26db loop 9] job 0001  file html  https://doc.rust-lang.org/std/mem/type_info/struct.Str.html  +27 links
[721b26db loop 2] job 0001  file html  https://doc.rust-lang.org/std/mem/type_info/struct.Trait.html  +28 links
[721b26db loop 4] job 0001  file html  https://doc.rust-lang.org/std/mem/type_info/struct.TraitImpl.html  +32 links
[721b26db loop 0] job 0001  file html  https://doc.rust-lang.org/std/mem/type_info/struct.Tuple.html  +28 links
[721b26db loop 3] job 0001  file html  https://doc.rust-lang.org/std/mem/type_info/struct.Type.html  +28 links
[721b26db loop 7] job 0001  file html  https://doc.rust-lang.org/std/net/struct.AddrParseError.html  +49 links
[721b26db loop 8] job 0001  file html  https://doc.rust-lang.org/std/net/struct.IntoIncoming.html  +79 links
[721b26db loop 6] job 0001  file html  https://doc.rust-lang.org/std/net/struct.Ipv4Addr.html  +61 links
[721b26db loop 9] job 0001  file html  https://doc.rust-lang.org/std/net/struct.Ipv6Addr.html  +64 links
[721b26db loop 1] job 0001  file html  https://doc.rust-lang.org/std/mem/type_info/struct.Variant.html  +30 links
[721b26db loop 5] job 0001  file html  https://doc.rust-lang.org/std/net/struct.Incoming.html  +79 links
[721b26db loop 2] job 0001  file html  https://doc.rust-lang.org/std/net/struct.SocketAddrV4.html  +54 links
[721b26db loop 4] job 0001  file html  https://doc.rust-lang.org/std/net/struct.SocketAddrV6.html  +55 links
[721b26db loop 0] job 0001  file html  https://doc.rust-lang.org/std/num/struct.Complex.html  +35 links
[721b26db loop 3] job 0001  file html  https://doc.rust-lang.org/std/num/struct.ParseFloatError.html  +45 links
[721b26db loop 8] job 0001  file html  https://doc.rust-lang.org/std/ops/struct.RangeFull.html  +71 links
[721b26db loop 6] job 0001  file html  https://doc.rust-lang.org/std/ops/struct.Yeet.html  +28 links
[721b26db loop 1] job 0001  file html  https://doc.rust-lang.org/std/option/struct.IntoIter.html  +84 links
[721b26db loop 9] job 0001  file html  https://doc.rust-lang.org/std/option/struct.Iter.html  +84 links
[721b26db loop 5] job 0001  file html  https://doc.rust-lang.org/std/option/struct.OptionFlatten.html  +84 links
[721b26db loop 2] job 0001  file html  https://doc.rust-lang.org/std/os/fd/struct.BorrowedFd.html  +39 links
[721b26db loop 4] job 0001  file html  https://doc.rust-lang.org/std/os/fd/struct.OwnedFd.html  +53 links
[721b26db loop 0] job 0001  file html  https://doc.rust-lang.org/std/os/linux/process/struct.PidFd.html  +42 links
[721b26db loop 8] job 0001  file html  https://doc.rust-lang.org/std/os/unix/net/struct.Incoming.html  +80 links
[721b26db loop 3] job 0001  file html  https://doc.rust-lang.org/std/os/linux/raw/struct.stat.html  +35 links
[721b26db loop 6] job 0001  file html  https://doc.rust-lang.org/std/os/unix/net/struct.Messages.html  +75 links
[721b26db loop 1] job 0001  file html  https://doc.rust-lang.org/std/os/unix/net/struct.ScmCredentials.html  +73 links
[721b26db loop 5] job 0001  file html  https://doc.rust-lang.org/std/os/unix/net/struct.SocketAddr.html  +38 links
[721b26db loop 9] job 0001  file html  https://doc.rust-lang.org/std/os/unix/net/struct.ScmRights.html  +75 links
[721b26db loop 7] job 0001  file html  https://doc.rust-lang.org/std/num/struct.Saturating.html  +82 links
[721b26db loop 2] job 0001  file html  https://doc.rust-lang.org/std/os/unix/net/struct.SocketAncillary.html  +33 links
[721b26db loop 4] job 0001  file html  https://doc.rust-lang.org/std/os/unix/net/struct.SocketCred.html  +29 links
[721b26db loop 0] job 0001  file html  https://doc.rust-lang.org/std/os/unix/net/struct.UCred.html  +40 links
[721b26db loop 8] job 0001  file html  https://doc.rust-lang.org/std/os/unix/net/struct.UnixDatagram.html  +51 links
[721b26db loop 3] job 0001  file html  https://doc.rust-lang.org/std/os/unix/net/struct.UnixStream.html  +65 links
[721b26db loop 6] job 0001  file html  https://doc.rust-lang.org/std/os/unix/xdg/struct.XdgDirsIter.html  +83 links
[721b26db loop 5] job 0001  file html  https://doc.rust-lang.org/std/os/windows/io/struct.BorrowedHandle.html  +40 links
[721b26db loop 9] job 0001  file html  https://doc.rust-lang.org/std/os/windows/io/struct.BorrowedSocket.html  +38 links
[721b26db loop 1] job 0001  file html  https://doc.rust-lang.org/std/os/windows/ffi/struct.EncodeWide.html  +84 links
[721b26db loop 7] job 0001  file html  https://doc.rust-lang.org/std/os/windows/io/struct.HandleOrInvalid.html  +33 links
[721b26db loop 0] job 0001  file html  https://doc.rust-lang.org/std/os/windows/io/struct.NullHandleError.html  +44 links
[721b26db loop 2] job 0001  file html  https://doc.rust-lang.org/std/os/windows/io/struct.HandleOrNull.html  +33 links
[721b26db loop 4] job 0001  file html  https://doc.rust-lang.org/std/os/windows/io/struct.InvalidHandleError.html  +44 links
[721b26db loop 8] job 0001  file html  https://doc.rust-lang.org/std/os/windows/io/struct.OwnedHandle.html  +51 links
[721b26db loop 3] job 0001  file html  https://doc.rust-lang.org/std/os/windows/io/struct.OwnedSocket.html  +39 links
[721b26db loop 6] job 0001  file html  https://doc.rust-lang.org/std/os/windows/net/struct.Incoming.html  +77 links
[721b26db loop 9] job 0001  file html  https://doc.rust-lang.org/std/os/windows/net/struct.UnixListener.html  +43 links
[721b26db loop 5] job 0001  file html  https://doc.rust-lang.org/std/os/windows/net/struct.SocketAddr.html  +32 links
[721b26db loop 1] job 0001  file html  https://doc.rust-lang.org/std/os/windows/net/struct.UnixStream.html  +60 links
[721b26db loop 7] job 0001  file html  https://doc.rust-lang.org/std/os/windows/process/struct.ProcThreadAttributeList.html  +30 links
[721b26db loop 0] job 0001  file html  https://doc.rust-lang.org/std/os/windows/process/struct.ProcThreadAttributeListBuilder.html  +36 links
[721b26db loop 2] job 0001  file html  https://doc.rust-lang.org/std/panic/struct.AssertUnwindSafe.html  +42 links
[721b26db loop 4] job 0001  file html  https://doc.rust-lang.org/std/panic/struct.Location.html  +48 links
[721b26db loop 8] job 0001  file html  https://doc.rust-lang.org/std/panic/struct.PanicHookInfo.html  +34 links
[721b26db loop 3] job 0001  file html  https://doc.rust-lang.org/std/path/struct.Ancestors.html  +81 links
[721b26db loop 9] job 0001  file html  https://doc.rust-lang.org/std/path/struct.Display.html  +31 links
[721b26db loop 6] job 0001  file html  https://doc.rust-lang.org/std/path/struct.Components.html  +86 links
[721b26db loop 1] job 0001  file html  https://doc.rust-lang.org/std/path/struct.NormalizeError.html  +36 links
[721b26db loop 5] job 0001  file html  https://doc.rust-lang.org/std/path/struct.Iter.html  +85 links
[721b26db loop 7] job 0001  file html  https://doc.rust-lang.org/std/path/struct.Path.html  +71 links
[721b26db loop 4] job 0001  file html  https://doc.rust-lang.org/std/path/struct.StripPrefixError.html  +42 links
[721b26db loop 2] job 0001  file html  https://doc.rust-lang.org/std/path/struct.PrefixComponent.html  +43 links
[721b26db loop 0] job 0001  file html  https://doc.rust-lang.org/std/path/struct.PathBuf.html  +86 links
[721b26db loop 8] job 0001  file html  https://doc.rust-lang.org/std/pin/struct.Pin.html  +70 links
[721b26db loop 3] job 0001  file html  https://doc.rust-lang.org/std/pin/struct.UnsafePinned.html  +33 links
[721b26db loop 6] job 0001  file html  https://doc.rust-lang.org/std/process/struct.ChildStderr.html  +57 links
[721b26db loop 9] job 0001  file html  https://doc.rust-lang.org/std/process/struct.Child.html  +48 links
[721b26db loop 1] job 0001  file html  https://doc.rust-lang.org/std/process/struct.ChildStdin.html  +49 links
[721b26db loop 5] job 0001  file html  https://doc.rust-lang.org/std/process/struct.ChildStdout.html  +57 links
[721b26db loop 7] job 0001  file html  https://doc.rust-lang.org/std/process/struct.Command.html  +53 links
[721b26db loop 4] job 0001  file html  https://doc.rust-lang.org/std/process/struct.CommandArgs.html  +76 links
[721b26db loop 0] job 0001  file html  https://doc.rust-lang.org/std/process/struct.CommandResolvedEnvs.html  +76 links
[721b26db loop 2] job 0001  file html  https://doc.rust-lang.org/std/process/struct.CommandEnvs.html  +77 links
[721b26db loop 8] job 0001  file html  https://doc.rust-lang.org/std/process/struct.ExitCode.html  +41 links
[721b26db loop 3] job 0001  file html  https://doc.rust-lang.org/std/process/struct.ExitStatus.html  +49 links
[721b26db loop 6] job 0001  file html  https://doc.rust-lang.org/std/process/struct.ExitStatusError.html  +46 links
[721b26db loop 9] job 0001  file html  https://doc.rust-lang.org/std/process/struct.Output.html  +39 links
[721b26db loop 1] job 0001  file html  https://doc.rust-lang.org/std/process/struct.Stdio.html  +41 links
[721b26db loop 5] job 0001  file html  https://doc.rust-lang.org/std/ptr/struct.DynMetadata.html  +43 links
[721b26db loop 7] job 0001  file html  https://doc.rust-lang.org/std/ptr/struct.NonNull.html  +74 links
[721b26db loop 4] job 0001  file html  https://doc.rust-lang.org/std/random/struct.SystemRng.html  +33 links
[721b26db loop 0] job 0001  file html  https://doc.rust-lang.org/std/range/struct.Range.html  +55 links
[721b26db loop 8] job 0001  file html  https://doc.rust-lang.org/std/range/struct.RangeFromIter.html  +87 links
[721b26db loop 2] job 0001  file html  https://doc.rust-lang.org/std/range/struct.RangeFrom.html  +57 links
[721b26db loop 3] job 0001  file html  https://doc.rust-lang.org/std/range/struct.RangeFull.html  +72 links
[721b26db loop 6] job 0001  file html  https://doc.rust-lang.org/std/range/struct.RangeInclusive.html  +65 links
[721b26db loop 9] job 0001  file html  https://doc.rust-lang.org/std/range/struct.RangeInclusiveIter.html  +88 links
[721b26db loop 1] job 0001  file html  https://doc.rust-lang.org/std/range/struct.RangeIter.html  +91 links
[721b26db loop 5] job 0001  file html  https://doc.rust-lang.org/std/range/struct.RangeTo.html  +57 links
[721b26db loop 7] job 0001  file html  https://doc.rust-lang.org/std/range/struct.RangeToInclusive.html  +54 links
[721b26db loop 4] job 0001  file html  https://doc.rust-lang.org/std/range/legacy/struct.Range.html  +109 links
[721b26db loop 0] job 0001  file html  https://doc.rust-lang.org/std/range/legacy/struct.RangeFrom.html  +105 links
[721b26db loop 8] job 0001  file html  https://doc.rust-lang.org/std/range/legacy/struct.RangeInclusive.html  +105 links
[721b26db loop 3] job 0001  file html  https://doc.rust-lang.org/std/rc/struct.Weak.html  +48 links
[721b26db loop 2] job 0001  file html  https://doc.rust-lang.org/std/rc/struct.UniqueRc.html  +68 links
[721b26db loop 9] job 0001  file html  https://doc.rust-lang.org/std/result/struct.Iter.html  +84 links
[721b26db loop 6] job 0001  file html  https://doc.rust-lang.org/std/result/struct.IntoIter.html  +84 links
[721b26db loop 1] job 0001  file html  https://doc.rust-lang.org/std/result/struct.IterMut.html  +80 links
[721b26db loop 5] job 0001  file html  https://doc.rust-lang.org/std/simd/struct.Mask.html  +60 links
[721b26db loop 4] job 0001  file html  https://doc.rust-lang.org/std/slice/struct.ChunkBy.html  +83 links
[721b26db loop 0] job 0001  file html  https://doc.rust-lang.org/std/slice/struct.ChunkByMut.html  +79 links
[721b26db loop 8] job 0001  file html  https://doc.rust-lang.org/std/slice/struct.Chunks.html  +84 links
[721b26db loop 3] job 0001  file html  https://doc.rust-lang.org/std/slice/struct.ChunksExact.html  +84 links
[721b26db loop 2] job 0001  file html  https://doc.rust-lang.org/std/slice/struct.ChunksExactMut.html  +80 links
[721b26db loop 1] job 0001  file html  https://doc.rust-lang.org/std/slice/struct.Iter.html  +85 links
[721b26db loop 9] job 0001  file html  https://doc.rust-lang.org/std/slice/struct.ChunksMut.html  +80 links
[721b26db loop 6] job 0001  file html  https://doc.rust-lang.org/std/slice/struct.EscapeAscii.html  +86 links
[721b26db loop 5] job 0001  file html  https://doc.rust-lang.org/std/slice/struct.IterMut.html  +81 links
[721b26db loop 4] job 0001  file html  https://doc.rust-lang.org/std/slice/struct.RChunks.html  +84 links
[721b26db loop 0] job 0001  file html  https://doc.rust-lang.org/std/slice/struct.RChunksExact.html  +84 links
[721b26db loop 8] job 0001  file html  https://doc.rust-lang.org/std/slice/struct.RChunksExactMut.html  +80 links
[721b26db loop 3] job 0001  file html  https://doc.rust-lang.org/std/slice/struct.RChunksMut.html  +80 links
[721b26db loop 7] job 0001  file html  https://doc.rust-lang.org/std/simd/struct.Simd.html  +109 links
[721b26db loop 1] job 0001  file html  https://doc.rust-lang.org/std/slice/struct.RSplitMut.html  +79 links
[721b26db loop 6] job 0001  file html  https://doc.rust-lang.org/std/slice/struct.RSplitNMut.html  +79 links
[721b26db loop 2] job 0001  file html  https://doc.rust-lang.org/std/slice/struct.RSplit.html  +83 links
[721b26db loop 9] job 0001  file html  https://doc.rust-lang.org/std/slice/struct.RSplitN.html  +79 links
[721b26db loop 4] job 0001  file html  https://doc.rust-lang.org/std/slice/struct.SplitInclusive.html  +83 links
[721b26db loop 5] job 0001  file html  https://doc.rust-lang.org/std/slice/struct.Split.html  +83 links
[721b26db loop 0] job 0001  file html  https://doc.rust-lang.org/std/slice/struct.SplitInclusiveMut.html  +79 links
[721b26db loop 8] job 0001  file html  https://doc.rust-lang.org/std/slice/struct.SplitMut.html  +79 links
[721b26db loop 7] job 0001  file html  https://doc.rust-lang.org/std/slice/struct.SplitNMut.html  +79 links
[721b26db loop 1] job 0001  file html  https://doc.rust-lang.org/std/slice/struct.Windows.html  +84 links
[721b26db loop 3] job 0001  file html  https://doc.rust-lang.org/std/slice/struct.SplitN.html  +79 links
[721b26db loop 2] job 0001  file html  https://doc.rust-lang.org/std/str/struct.Chars.html  +85 links
[721b26db loop 6] job 0001  file html  https://doc.rust-lang.org/std/str/struct.CharIndices.html  +85 links
[721b26db loop 9] job 0001  file html  https://doc.rust-lang.org/std/str/struct.EscapeDebug.html  +88 links
[721b26db loop 4] job 0001  file html  https://doc.rust-lang.org/std/str/struct.EscapeDefault.html  +88 links
[721b26db loop 5] job 0001  file html  https://doc.rust-lang.org/std/str/struct.EscapeUnicode.html  +88 links
[721b26db loop 0] job 0001  file html  https://doc.rust-lang.org/std/str/struct.Lines.html  +84 links
[721b26db loop 8] job 0001  file html  https://doc.rust-lang.org/std/str/struct.LinesAny.html  +84 links
[721b26db loop 7] job 0001  file html  https://doc.rust-lang.org/std/str/struct.Matches.html  +86 links
[721b26db loop 1] job 0001  file html  https://doc.rust-lang.org/std/str/struct.ParseBoolError.html  +43 links
[721b26db loop 3] job 0001  file html  https://doc.rust-lang.org/std/str/struct.RMatchIndices.html  +87 links
[721b26db loop 2] job 0001  file html  https://doc.rust-lang.org/std/str/struct.RMatches.html  +87 links
[721b26db loop 9] job 0001  file html  https://doc.rust-lang.org/std/str/struct.RSplitN.html  +86 links
[721b26db loop 6] job 0001  file html  https://doc.rust-lang.org/std/str/struct.RSplit.html  +87 links
[721b26db loop 4] job 0001  file html  https://doc.rust-lang.org/std/str/struct.RSplitTerminator.html  +87 links
[721b26db loop 5] job 0001  file html  https://doc.rust-lang.org/std/str/struct.Split.html  +86 links
[721b26db loop 0] job 0001  file html  https://doc.rust-lang.org/std/str/struct.SplitAsciiWhitespace.html  +84 links
[721b26db loop 8] job 0001  file html  https://doc.rust-lang.org/std/str/struct.SplitInclusive.html  +86 links
[721b26db loop 7] job 0001  file html  https://doc.rust-lang.org/std/str/struct.SplitN.html  +85 links
[721b26db loop 1] job 0001  file html  https://doc.rust-lang.org/std/str/struct.SplitTerminator.html  +86 links
[721b26db loop 3] job 0001  file html  https://doc.rust-lang.org/std/str/struct.SplitWhitespace.html  +84 links
[721b26db loop 2] job 0001  file html  https://doc.rust-lang.org/std/str/struct.Utf8Chunk.html  +38 links
[721b26db loop 9] job 0001  file html  https://doc.rust-lang.org/std/str/struct.Utf8Chunks.html  +87 links
[721b26db loop 6] job 0001  file html  https://doc.rust-lang.org/std/str/struct.Utf8Error.html  +46 links
[721b26db loop 4] job 0001  file html  https://doc.rust-lang.org/std/str/pattern/struct.CharArrayRefSearcher.html  +39 links
[721b26db loop 5] job 0001  file html  https://doc.rust-lang.org/std/str/pattern/struct.CharArraySearcher.html  +39 links
[721b26db loop 0] job 0001  file html  https://doc.rust-lang.org/std/str/pattern/struct.CharPredicateSearcher.html  +42 links
[721b26db loop 8] job 0001  file html  https://doc.rust-lang.org/std/str/pattern/struct.CharSearcher.html  +39 links
[721b26db loop 7] job 0001  file html  https://doc.rust-lang.org/std/str/pattern/struct.CharSliceSearcher.html  +39 links
[721b26db loop 1] job 0001  file html  https://doc.rust-lang.org/std/str/pattern/struct.StrSearcher.html  +38 links
[721b26db loop 3] job 0001  file html  https://doc.rust-lang.org/std/string/struct.Drain.html  +86 links
[721b26db loop 2] job 0001  file html  https://doc.rust-lang.org/std/string/struct.FromUtf16Error.html  +33 links
[721b26db loop 9] job 0001  file html  https://doc.rust-lang.org/std/string/struct.FromUtf8Error.html  +44 links
[721b26db loop 6] job 0001  file html  https://doc.rust-lang.org/std/string/struct.IntoChars.html  +86 links
[721b26db loop 4] job 0001  file html  https://doc.rust-lang.org/std/sync/struct.Barrier.html  +27 links
[721b26db loop 5] job 0001  file html  https://doc.rust-lang.org/std/sync/struct.BarrierWaitResult.html  +27 links
[721b26db loop 0] job 0001  file html  https://doc.rust-lang.org/std/sync/struct.Condvar.html  +35 links
[721b26db loop 8] job 0001  file html  https://doc.rust-lang.org/std/sync/struct.LazyLock.html  +39 links
[721b26db loop 7] job 0001  file html  https://doc.rust-lang.org/std/sync/struct.MappedMutexGuard.html  +37 links
[721b26db loop 1] job 0001  file html  https://doc.rust-lang.org/std/sync/struct.MappedRwLockReadGuard.html  +35 links
[721b26db loop 3] job 0001  file html  https://doc.rust-lang.org/std/sync/struct.MappedRwLockWriteGuard.html  +36 links
[721b26db loop 2] job 0001  file html  https://doc.rust-lang.org/std/sync/struct.MutexGuard.html  +37 links
[721b26db loop 9] job 0001  file html  https://doc.rust-lang.org/std/sync/struct.Once.html  +31 links
[721b26db loop 6] job 0001  file html  https://doc.rust-lang.org/std/sync/struct.PoisonError.html  +35 links
[721b26db loop 4] job 0001  file html  https://doc.rust-lang.org/std/sync/struct.ReentrantLock.html  +30 links
[721b26db loop 5] job 0001  file html  https://doc.rust-lang.org/std/sync/struct.ReentrantLockGuard.html  +36 links
[721b26db loop 0] job 0001  file html  https://doc.rust-lang.org/std/sync/struct.RwLock.html  +41 links
[721b26db loop 7] job 0001  file html  https://doc.rust-lang.org/std/sync/struct.RwLockWriteGuard.html  +38 links
[721b26db loop 8] job 0001  file html  https://doc.rust-lang.org/std/sync/struct.RwLockReadGuard.html  +36 links
[721b26db loop 1] job 0001  file html  https://doc.rust-lang.org/std/sync/struct.SyncView.html  +66 links
[721b26db loop 3] job 0001  file html  https://doc.rust-lang.org/std/sync/struct.UniqueArc.html  +60 links
[721b26db loop 2] job 0001  file html  https://doc.rust-lang.org/std/sync/struct.WaitTimeoutResult.html  +36 links
[721b26db loop 9] job 0001  file html  https://doc.rust-lang.org/std/sync/struct.Weak.html  +48 links
[721b26db loop 0] job 0001  file html  https://doc.rust-lang.org/std/sync/mpmc/struct.Receiver.html  +49 links
[721b26db loop 7] job 0001  file html  https://doc.rust-lang.org/std/sync/mpmc/struct.Sender.html  +44 links
[721b26db loop 8] job 0001  file html  https://doc.rust-lang.org/std/sync/mpmc/struct.TryIter.html  +76 links
[721b26db loop 4] job 0001  file html  https://doc.rust-lang.org/std/sync/mpmc/struct.IntoIter.html  +76 links
[721b26db loop 5] job 0001  file html  https://doc.rust-lang.org/std/sync/mpmc/struct.Iter.html  +76 links
[721b26db loop 1] job 0001  file html  https://doc.rust-lang.org/std/sync/mpsc/struct.IntoIter.html  +76 links
[721b26db loop 2] job 0001  file html  https://doc.rust-lang.org/std/sync/mpsc/struct.Receiver.html  +42 links
[721b26db loop 3] job 0001  file html  https://doc.rust-lang.org/std/sync/mpsc/struct.Iter.html  +76 links
[721b26db loop 9] job 0001  file html  https://doc.rust-lang.org/std/sync/mpsc/struct.RecvError.html  +50 links
[721b26db loop 6] job 0001  file html  https://doc.rust-lang.org/std/sync/atomic/struct.Atomic.html  +47 links
[721b26db loop 2] job 0001  file html  https://doc.rust-lang.org/std/sync/nonpoison/struct.MappedRwLockReadGuard.html  +36 links
[721b26db loop 0] job 0001  file html  https://doc.rust-lang.org/std/sync/mpsc/struct.SendError.html  +47 links
[721b26db loop 8] job 0001  file html  https://doc.rust-lang.org/std/sync/mpsc/struct.SyncSender.html  +37 links
[721b26db loop 7] job 0001  file html  https://doc.rust-lang.org/std/sync/mpsc/struct.Sender.html  +37 links
[721b26db loop 1] job 0001  file html  https://doc.rust-lang.org/std/sync/nonpoison/struct.MappedMutexGuard.html  +38 links
[721b26db loop 5] job 0001  file html  https://doc.rust-lang.org/std/sync/nonpoison/struct.Condvar.html  +35 links
[721b26db loop 4] job 0001  file html  https://doc.rust-lang.org/std/sync/mpsc/struct.TryIter.html  +76 links
[721b26db loop 3] job 0001  file html  https://doc.rust-lang.org/std/sync/nonpoison/struct.MappedRwLockWriteGuard.html  +37 links
[721b26db loop 9] job 0001  file html  https://doc.rust-lang.org/std/sync/nonpoison/struct.Mutex.html  +36 links
[721b26db loop 6] job 0001  file html  https://doc.rust-lang.org/std/sync/nonpoison/struct.MutexGuard.html  +38 links
[721b26db loop 2] job 0001  file html  https://doc.rust-lang.org/std/sync/nonpoison/struct.RwLock.html  +37 links
[721b26db loop 7] job 0001  file html  https://doc.rust-lang.org/std/sync/nonpoison/struct.WouldBlock.html  +29 links
[721b26db loop 8] job 0001  file html  https://doc.rust-lang.org/std/sync/nonpoison/struct.RwLockWriteGuard.html  +39 links
[721b26db loop 0] job 0001  file html  https://doc.rust-lang.org/std/sync/nonpoison/struct.RwLockReadGuard.html  +37 links
[721b26db loop 4] job 0001  file html  https://doc.rust-lang.org/std/sync/poison/struct.Condvar.html  +37 links
[721b26db loop 1] job 0001  file html  https://doc.rust-lang.org/std/sync/oneshot/struct.Receiver.html  +32 links
[721b26db loop 5] job 0001  file html  https://doc.rust-lang.org/std/sync/oneshot/struct.Sender.html  +29 links
[721b26db loop 3] job 0001  file html  https://doc.rust-lang.org/std/sync/poison/struct.MappedMutexGuard.html  +39 links
[721b26db loop 9] job 0001  file html  https://doc.rust-lang.org/std/sync/poison/struct.MappedRwLockReadGuard.html  +37 links
[721b26db loop 6] job 0001  file html  https://doc.rust-lang.org/std/sync/poison/struct.MappedRwLockWriteGuard.html  +38 links
[721b26db loop 7] job 0001  file html  https://doc.rust-lang.org/std/sync/poison/struct.MutexGuard.html  +39 links
[721b26db loop 2] job 0001  file html  https://doc.rust-lang.org/std/sync/poison/struct.Mutex.html  +44 links
[721b26db loop 8] job 0001  file html  https://doc.rust-lang.org/std/sync/poison/struct.PoisonError.html  +37 links
[721b26db loop 0] job 0001  file html  https://doc.rust-lang.org/std/sync/poison/struct.RwLock.html  +43 links
[721b26db loop 4] job 0001  file html  https://doc.rust-lang.org/std/sync/poison/struct.RwLockReadGuard.html  +38 links
[721b26db loop 1] job 0001  file html  https://doc.rust-lang.org/std/sync/poison/struct.RwLockWriteGuard.html  +40 links
[721b26db loop 5] job 0001  file html  https://doc.rust-lang.org/std/task/struct.Context.html  +28 links
[721b26db loop 3] job 0001  file html  https://doc.rust-lang.org/std/task/struct.ContextBuilder.html  +29 links
[721b26db loop 9] job 0001  file html  https://doc.rust-lang.org/std/task/struct.LocalWaker.html  +45 links
[721b26db loop 6] job 0001  file html  https://doc.rust-lang.org/std/task/struct.RawWaker.html  +37 links
[721b26db loop 7] job 0001  file html  https://doc.rust-lang.org/std/task/struct.RawWakerVTable.html  +39 links
[721b26db loop 0] job 0001  file html  https://doc.rust-lang.org/std/thread/struct.Builder.html  +34 links
[721b26db loop 2] job 0001  file html  https://doc.rust-lang.org/std/task/struct.Waker.html  +44 links
[721b26db loop 4] job 0001  file html  https://doc.rust-lang.org/std/thread/struct.JoinHandle.html  +41 links
[721b26db loop 8] job 0001  file html  https://doc.rust-lang.org/std/thread/struct.AccessError.html  +43 links
[721b26db loop 5] job 0001  file html  https://doc.rust-lang.org/std/thread/struct.ScopedJoinHandle.html  +30 links
[721b26db loop 1] job 0001  file html  https://doc.rust-lang.org/std/thread/struct.Scope.html  +29 links
[721b26db loop 3] job 0001  file html  https://doc.rust-lang.org/std/thread/struct.Thread.html  +39 links
[721b26db loop 9] job 0001  file html  https://doc.rust-lang.org/std/thread/struct.ThreadId.html  +40 links
[721b26db loop 6] job 0001  file html  https://doc.rust-lang.org/std/time/struct.Duration.html  +62 links
[721b26db loop 0] job 0001  file html  https://doc.rust-lang.org/std/time/struct.SystemTime.html  +49 links
[721b26db loop 7] job 0001  file html  https://doc.rust-lang.org/std/time/struct.Instant.html  +47 links
[721b26db loop 4] job 0001  file html  https://doc.rust-lang.org/std/time/struct.TryFromFloatSecsError.html  +43 links
[721b26db loop 2] job 0001  file html  https://doc.rust-lang.org/std/time/struct.SystemTimeError.html  +39 links
[721b26db loop 8] job 0001  file html  https://doc.rust-lang.org/std/vec/struct.Drain.html  +86 links
[721b26db loop 5] job 0001  file html  https://doc.rust-lang.org/std/vec/struct.ExtractIf.html  +83 links
[721b26db loop 1] job 0001  file html  https://doc.rust-lang.org/std/vec/struct.IntoIter.html  +90 links
[721b26db loop 3] job 0001  file html  https://doc.rust-lang.org/std/vec/struct.PeekMut.html  +32 links
[721b26db loop 9] job 0001  file html  https://doc.rust-lang.org/std/vec/struct.Splice.html  +83 links
[721b26db loop 6] job 0001  file html  https://doc.rust-lang.org/std/ascii/enum.Char.html  +62 links
[721b26db loop 0] job 0001  file html  https://doc.rust-lang.org/std/backtrace/enum.BacktraceStatus.html  +29 links
[721b26db loop 7] job 0001  file html  https://doc.rust-lang.org/std/borrow/enum.Cow.html  +73 links
[721b26db loop 4] job 0001  file html  https://doc.rust-lang.org/std/char/enum.CharCase.html  +43 links
[721b26db loop 2] job 0001  file html  https://doc.rust-lang.org/std/cmp/enum.Ordering.html  +42 links
[721b26db loop 8] job 0001  file html  https://doc.rust-lang.org/std/collections/enum.TryReserveErrorKind.html  +38 links
[721b26db loop 5] job 0001  file html  https://doc.rust-lang.org/std/collections/btree_map/enum.Entry.html  +36 links
[721b26db loop 6] job 0001  file html  https://doc.rust-lang.org/std/convert/enum.Infallible.html  +51 links
[721b26db loop 0] job 0001  file html  https://doc.rust-lang.org/std/env/enum.VarError.html  +43 links
[721b26db loop 3] job 0001  file html  https://doc.rust-lang.org/std/collections/hash_map/enum.Entry.html  +33 links
[721b26db loop 9] job 0001  file html  https://doc.rust-lang.org/std/collections/hash_set/enum.Entry.html  +33 links
[721b26db loop 1] job 0001  file html  https://doc.rust-lang.org/std/collections/btree_set/enum.Entry.html  +34 links
[721b26db loop 7] job 0001  file html  https://doc.rust-lang.org/std/ffi/enum.FromBytesWithNulError.html  +45 links
[721b26db loop 4] job 0001  file html  https://doc.rust-lang.org/std/ffi/c_str/enum.FromBytesWithNulError.html  +47 links
[721b26db loop 2] job 0001  file html  https://doc.rust-lang.org/std/ffi/enum.c_void.html  +27 links
[721b26db loop 8] job 0001  file html  https://doc.rust-lang.org/std/fmt/enum.Alignment.html  +36 links
[721b26db loop 5] job 0001  file html  https://doc.rust-lang.org/std/fmt/enum.DebugAsHex.html  +36 links
[721b26db loop 6] job 0001  file html  https://doc.rust-lang.org/std/fmt/enum.Sign.html  +37 links
[721b26db loop 0] job 0001  file html  https://doc.rust-lang.org/std/fs/enum.TryLockError.html  +35 links
[721b26db loop 3] job 0001  file html  https://doc.rust-lang.org/std/hint/enum.Locality.html  +40 links
[721b26db loop 9] job 0001  file html  https://doc.rust-lang.org/std/intrinsics/enum.AtomicOrdering.html  +31 links
[721b26db loop 1] job 0001  file html  https://doc.rust-lang.org/std/intrinsics/mir/enum.BasicBlock.html  +23 links
[721b26db loop 7] job 0001  file html  https://doc.rust-lang.org/std/intrinsics/mir/enum.UnwindTerminateReason.html  +23 links
[721b26db loop 4] job 0001  file html  https://doc.rust-lang.org/std/intrinsics/simd/enum.SimdAlign.html  +32 links
[721b26db loop 2] job 0001  file html  https://doc.rust-lang.org/std/io/enum.ErrorKind.html  +47 links
[721b26db loop 8] job 0001  file html  https://doc.rust-lang.org/std/io/enum.SeekFrom.html  +39 links
[721b26db loop 5] job 0001  file html  https://doc.rust-lang.org/std/mem/type_info/enum.Abi.html  +30 links
[721b26db loop 6] job 0001  file html  https://doc.rust-lang.org/std/mem/type_info/enum.Generic.html  +30 links
[721b26db loop 0] job 0001  file html  https://doc.rust-lang.org/std/mem/type_info/enum.TypeKind.html  +42 links
[721b26db loop 3] job 0001  file html  https://doc.rust-lang.org/std/net/enum.IpAddr.html  +52 links
[721b26db loop 7] job 0001  file html  https://doc.rust-lang.org/std/net/enum.SocketAddr.html  +55 links
[721b26db loop 9] job 0001  file html  https://doc.rust-lang.org/std/net/enum.Ipv6MulticastScope.html  +43 links
[721b26db loop 1] job 0001  file html  https://doc.rust-lang.org/std/net/enum.Shutdown.html  +38 links
[721b26db loop 4] job 0001  file html  https://doc.rust-lang.org/std/num/enum.FpCategory.html  +38 links
[721b26db loop 2] job 0001  file html  https://doc.rust-lang.org/std/num/enum.IntErrorKind.html  +39 links
[721b26db loop 8] job 0001  file html  https://doc.rust-lang.org/std/ops/enum.Bound.html  +40 links
[721b26db loop 5] job 0001  file html  https://doc.rust-lang.org/std/ops/enum.ControlFlow.html  +44 links
[721b26db loop 9] job 0001  file html  https://doc.rust-lang.org/std/panic/enum.BacktraceStyle.html  +35 links
[721b26db loop 3] job 0001  file html  https://doc.rust-lang.org/std/os/unix/net/enum.AncillaryData.html  +26 links
[721b26db loop 6] job 0001  file html  https://doc.rust-lang.org/std/ops/enum.CoroutineState.html  +42 links
[721b26db loop 7] job 0001  file html  https://doc.rust-lang.org/std/os/unix/net/enum.AncillaryError.html  +28 links
[721b26db loop 1] job 0001  file html  https://doc.rust-lang.org/std/path/enum.Component.html  +47 links
[721b26db loop 4] job 0001  file html  https://doc.rust-lang.org/std/path/enum.Prefix.html  +42 links
[721b26db loop 0] job 0001  file html  https://doc.rust-lang.org/std/ops/enum.OneSidedRangeBound.html  +22 links
[721b26db loop 2] job 0001  file html  https://doc.rust-lang.org/std/slice/enum.GetDisjointMutError.html  +43 links
[721b26db loop 8] job 0001  file html  https://doc.rust-lang.org/std/str/pattern/enum.SearchStep.html  +40 links
[721b26db loop 5] job 0001  file html  https://doc.rust-lang.org/std/str/pattern/enum.Utf8Pattern.html  +40 links
[721b26db loop 1] job 0001  file html  https://doc.rust-lang.org/std/sync/mpsc/enum.TryRecvError.html  +47 links
[721b26db loop 9] job 0001  file html  https://doc.rust-lang.org/std/sync/enum.TryLockError.html  +36 links
[721b26db loop 3] job 0001  file html  https://doc.rust-lang.org/std/sync/atomic/enum.Ordering.html  +39 links
[721b26db loop 7] job 0001  file html  https://doc.rust-lang.org/std/sync/mpsc/enum.RecvTimeoutError.html  +47 links
[721b26db loop 6] job 0001  file html  https://doc.rust-lang.org/std/sync/mpmc/enum.SendTimeoutError.html  +45 links
[721b26db loop 4] job 0001  file html  https://doc.rust-lang.org/std/sync/mpsc/enum.TrySendError.html  +47 links
[721b26db loop 0] job 0001  file html  https://doc.rust-lang.org/std/sync/oneshot/enum.RecvTimeoutError.html  +37 links
[721b26db loop 2] job 0001  file html  https://doc.rust-lang.org/std/sync/oneshot/enum.TryRecvError.html  +36 links
[721b26db loop 8] job 0001  file html  https://doc.rust-lang.org/std/sync/poison/enum.TryLockError.html  +38 links
[721b26db loop 3] job 0001  file html  https://doc.rust-lang.org/std/alloc/trait.AllocatorClone.html  +11 links
[721b26db loop 9] job 0001  file html  https://doc.rust-lang.org/std/alloc/trait.Allocator.html  +17 links
[721b26db loop 5] job 0001  file html  https://doc.rust-lang.org/std/task/enum.Poll.html  +50 links
[721b26db loop 1] job 0001  file html  https://doc.rust-lang.org/std/mem/union.MaybeUninit.html  +42 links
[721b26db loop 6] job 0001  file html  https://doc.rust-lang.org/std/alloc/trait.GlobalAllocator.html  +13 links
[721b26db loop 4] job 0001  file html  https://doc.rust-lang.org/std/alloc/trait.StaticAllocator.html  +8 links
[721b26db loop 7] job 0001  file html  https://doc.rust-lang.org/std/alloc/trait.GlobalAlloc.html  +19 links
[721b26db loop 0] job 0001  file html  https://doc.rust-lang.org/std/any/trait.Any.html  +17 links
[721b26db loop 2] job 0001  file html  https://doc.rust-lang.org/std/any/trait.TryAsDynCompatible.html  +5 links
[721b26db loop 8] job 0001  file html  https://doc.rust-lang.org/std/ascii/trait.AsciiExt.html  +9 links
[721b26db loop 6] job 0001  file html  https://doc.rust-lang.org/std/borrow/trait.ToOwned.html  +17 links
[721b26db loop 4] job 0001  file html  https://doc.rust-lang.org/std/cell/trait.CloneFromCell.html  +18 links
[721b26db loop 1] job 0001  file html  https://doc.rust-lang.org/std/clone/trait.Clone.html  +359 links
[721b26db loop 3] job 0001  file html  https://doc.rust-lang.org/std/async_iter/trait.AsyncIterator.html  +17 links
[721b26db loop 9] job 0001  file html  https://doc.rust-lang.org/std/async_iter/trait.IntoAsyncIterator.html  +4 links
[721b26db loop 5] job 0001  file html  https://doc.rust-lang.org/std/borrow/trait.Borrow.html  +31 links
[721b26db loop 7] job 0001  file html  https://doc.rust-lang.org/std/clone/trait.CloneToUninit.html  +16 links
[721b26db loop 0] job 0001  file html  https://doc.rust-lang.org/std/clone/trait.Share.html  +12 links
[721b26db loop 8] job 0001  file html  https://doc.rust-lang.org/std/clone/trait.UseCloned.html  +32 links
[721b26db loop 2] job 0001  file html  https://doc.rust-lang.org/std/clone/trait.TrivialClone.html  +5 links
[721b26db loop 4] job 0001  file html  https://doc.rust-lang.org/std/cmp/trait.Ord.html  +107 links
[721b26db loop 6] job 0001  file html  https://doc.rust-lang.org/std/cmp/trait.Eq.html  +190 links
[721b26db loop 1] job 0001  file html  https://doc.rust-lang.org/std/cmp/trait.PartialOrd.html  +112 links
[721b26db loop 3] job 0001  file html  https://doc.rust-lang.org/std/convert/trait.AsMut.html  +28 links
[721b26db loop 9] job 0001  file html  https://doc.rust-lang.org/std/convert/trait.AsRef.html  +53 links
[721b26db loop 5] job 0001  file html  https://doc.rust-lang.org/std/convert/trait.BoundedCastFromInt.html  +16 links
[721b26db loop 7] job 0001  file html  https://doc.rust-lang.org/std/convert/trait.CheckedCastFromInt.html  +17 links
[721b26db loop 0] job 0001  file html  https://doc.rust-lang.org/std/convert/trait.FloatToInt.html  +20 links
[721b26db loop 2] job 0001  file html  https://doc.rust-lang.org/std/convert/trait.Into.html  +9 links
[721b26db loop 8] job 0001  file html  https://doc.rust-lang.org/std/convert/trait.From.html  +169 links
[721b26db loop 4] job 0001  file html  https://doc.rust-lang.org/std/convert/trait.TryInto.html  +7 links
[721b26db loop 6] job 0001  file html  https://doc.rust-lang.org/std/default/trait.Default.html  +161 links
[721b26db loop 9] job 0001  file html  https://doc.rust-lang.org/std/field/trait.Field.html  +7 links
[721b26db loop 7] job 0001  file html  https://doc.rust-lang.org/std/fmt/trait.Debug.html  +607 links
[721b26db loop 3] job 0001  file html  https://doc.rust-lang.org/std/ffi/trait.VaArgSafe.html  +22 links
[721b26db loop 5] job 0001  file html  https://doc.rust-lang.org/std/fmt/trait.Binary.html  +26 links
[721b26db loop 1] job 0001  file html  https://doc.rust-lang.org/std/error/trait.Error.html  +72 links
[721b26db loop 0] job 0001  file html  https://doc.rust-lang.org/std/fmt/trait.Display.html  +146 links
[721b26db loop 2] job 0001  file html  https://doc.rust-lang.org/std/fmt/trait.LowerExp.html  +27 links
[721b26db loop 4] job 0001  file html  https://doc.rust-lang.org/std/fmt/trait.LowerHex.html  +26 links
[721b26db loop 8] job 0001  file html  https://doc.rust-lang.org/std/fmt/trait.Octal.html  +26 links
[721b26db loop 9] job 0001  file html  https://doc.rust-lang.org/std/fmt/trait.Pointer.html  +21 links
[721b26db loop 6] job 0001  file html  https://doc.rust-lang.org/std/fmt/trait.UpperExp.html  +27 links
[721b26db loop 7] job 0001  file html  https://doc.rust-lang.org/std/fmt/trait.Write.html  +16 links
[721b26db loop 5] job 0001  file html  https://doc.rust-lang.org/std/future/trait.IntoFuture.html  +4 links
[721b26db loop 3] job 0001  file html  https://doc.rust-lang.org/std/future/trait.AsyncDrop.html  +6 links
[721b26db loop 2] job 0001  file html  https://doc.rust-lang.org/std/hash/trait.Hasher.html  +23 links
[721b26db loop 1] job 0001  file html  https://doc.rust-lang.org/std/hash/trait.BuildHasher.html  +12 links
[721b26db loop 0] job 0001  file html  https://doc.rust-lang.org/std/hash/trait.Hash.html  +125 links
[721b26db loop 4] job 0001  file html  https://doc.rust-lang.org/std/intrinsics/fallback/trait.CarryingMulAdd.html  +17 links
[721b26db loop 8] job 0001  file html  https://doc.rust-lang.org/std/intrinsics/fallback/trait.CarrylessMul.html  +12 links
[721b26db loop 9] job 0001  file html  https://doc.rust-lang.org/std/intrinsics/fallback/trait.DisjointBitOr.html  +19 links
[721b26db loop 6] job 0001  file html  https://doc.rust-lang.org/std/intrinsics/fallback/trait.FunnelShift.html  +13 links
[721b26db loop 5] job 0001  file html  https://doc.rust-lang.org/std/io/trait.IsTerminal.html  +15 links
[721b26db loop 7] job 0001  file html  https://doc.rust-lang.org/std/io/trait.BufRead.html  +27 links
[721b26db loop 2] job 0001  file html  https://doc.rust-lang.org/std/io/trait.Seek.html  +22 links
[721b26db loop 3] job 0001  file html  https://doc.rust-lang.org/std/io/trait.Read.html  +45 links
[721b26db loop 0] job 0001  file html  https://doc.rust-lang.org/std/io/prelude/trait.BufRead.html  +29 links
[721b26db loop 1] job 0001  file html  https://doc.rust-lang.org/std/io/trait.Write.html  +38 links
[721b26db loop 4] job 0001  file html  https://doc.rust-lang.org/std/io/prelude/trait.Read.html  +47 links
[721b26db loop 8] job 0001  file html  https://doc.rust-lang.org/std/io/prelude/trait.Seek.html  +24 links
[721b26db loop 9] job 0001  file html  https://doc.rust-lang.org/std/io/prelude/trait.Write.html  +40 links
[721b26db loop 7] job 0001  file html  https://doc.rust-lang.org/std/iter/trait.Extend.html  +35 links
[721b26db loop 6] job 0001  file html  https://doc.rust-lang.org/std/iter/trait.DoubleEndedIterator.html  +137 links
[721b26db loop 5] job 0001  file html  https://doc.rust-lang.org/std/iter/trait.ExactSizeIterator.html  +124 links
[721b26db loop 2] job 0001  file html  https://doc.rust-lang.org/std/iter/trait.FromIterator.html  +43 links
[721b26db loop 8] job 0001  file html  https://doc.rust-lang.org/std/iter/trait.Sum.html  +28 links
[721b26db loop 1] job 0001  file html  https://doc.rust-lang.org/std/iter/trait.Product.html  +27 links
[721b26db loop 0] job 0001  file html  https://doc.rust-lang.org/std/iter/trait.IntoIterator.html  +76 links
[721b26db loop 3] job 0001  file html  https://doc.rust-lang.org/std/iter/trait.FusedIterator.html  +188 links
[721b26db loop 4] job 0001  file html  https://doc.rust-lang.org/std/iter/trait.Step.html  +26 links
[721b26db loop 9] job 0001  file html  https://doc.rust-lang.org/std/iter/trait.TrustedLen.html  +86 links
[721b26db loop 2] job 0001  file html  https://doc.rust-lang.org/std/marker/trait.Copy.html  +146 links
[721b26db loop 7] job 0001  file html  https://doc.rust-lang.org/std/iter/trait.TrustedStep.html  +23 links
[721b26db loop 6] job 0001  file html  https://doc.rust-lang.org/std/marker/trait.CoerceShared.html  +5 links
[721b26db loop 5] job 0001  file html  https://doc.rust-lang.org/std/marker/trait.ConstParamTy_.html  +29 links
[721b26db loop 8] job 0001  file html  https://doc.rust-lang.org/std/marker/trait.Destruct.html  +3 links
[721b26db loop 1] job 0001  file html  https://doc.rust-lang.org/std/marker/trait.DiscriminantKind.html  +13 links
[721b26db loop 3] job 0001  file html  https://doc.rust-lang.org/std/marker/trait.Freeze.html  +607 links
[721b26db loop 0] job 0001  file html  https://doc.rust-lang.org/std/marker/trait.FnPtr.html  +7 links
[721b26db loop 4] job 0001  file html  https://doc.rust-lang.org/std/marker/trait.MetaSized.html  +3 links
[721b26db loop 9] job 0001  file html  https://doc.rust-lang.org/std/marker/trait.Reborrow.html  +3 links
[721b26db loop 7] job 0001  file html  https://doc.rust-lang.org/std/marker/trait.Sized.html  +3 links
[721b26db loop 8] job 0001  file html  https://doc.rust-lang.org/std/marker/trait.Sync.html  +610 links
[721b26db loop 2] job 0001  file html  https://doc.rust-lang.org/std/marker/trait.Send.html  +608 links
[721b26db loop 1] job 0001  file html  https://doc.rust-lang.org/std/marker/trait.Tuple.html  +3 links
[721b26db loop 5] job 0001  file html  https://doc.rust-lang.org/std/marker/trait.Unpin.html  +610 links
[721b26db loop 6] job 0001  file html  https://doc.rust-lang.org/std/marker/trait.StructuralPartialEq.html  +145 links
[721b26db loop 3] job 0001  file html  https://doc.rust-lang.org/std/marker/trait.UnsafeUnpin.html  +607 links
[721b26db loop 4] job 0001  file html  https://doc.rust-lang.org/std/marker/trait.Unsize.html  +6 links
[721b26db loop 7] job 0001  file html  https://doc.rust-lang.org/std/ops/trait.Add.html  +30 links
[721b26db loop 9] job 0001  file html  https://doc.rust-lang.org/std/mem/trait.TransmuteFrom.html  +6 links
[721b26db loop 0] job 0001  file html  https://doc.rust-lang.org/std/marker/trait.Variance.html  +11 links
[721b26db loop 2] job 0001  file html  https://doc.rust-lang.org/std/ops/trait.AddAssign.html  +30 links
[721b26db loop 8] job 0001  file html  https://doc.rust-lang.org/std/ops/trait.AsyncFn.html  +12 links
[721b26db loop 1] job 0001  file html  https://doc.rust-lang.org/std/ops/trait.AsyncFnMut.html  +13 links
[721b26db loop 5] job 0001  file html  https://doc.rust-lang.org/std/ops/trait.AsyncFnOnce.html  +13 links
[721b26db loop 9] job 0001  file html  https://doc.rust-lang.org/std/ops/trait.Coroutine.html  +12 links
[721b26db loop 6] job 0001  file html  https://doc.rust-lang.org/std/ops/trait.BitAnd.html  +33 links
[721b26db loop 0] job 0001  file html  https://doc.rust-lang.org/std/ops/trait.Deref.html  +57 links
[721b26db loop 3] job 0001  file html  https://doc.rust-lang.org/std/ops/trait.BitAndAssign.html  +25 links
[721b26db loop 7] job 0001  file html  https://doc.rust-lang.org/std/ops/trait.CoerceUnsized.html  +26 links
[721b26db loop 4] job 0001  file html  https://doc.rust-lang.org/std/ops/trait.BitOr.html  +35 links
[721b26db loop 2] job 0001  file html  https://doc.rust-lang.org/std/ops/trait.DerefPure.html  +25 links
[721b26db loop 1] job 0001  file html  https://doc.rust-lang.org/std/ops/trait.DispatchFromDyn.html  +21 links
[721b26db loop 8] job 0001  file html  https://doc.rust-lang.org/std/ops/trait.DerefMut.html  +37 links
[721b26db loop 5] job 0001  file html  https://doc.rust-lang.org/std/ops/trait.Div.html  +25 links
[721b26db loop 9] job 0001  file html  https://doc.rust-lang.org/std/ops/trait.DivAssign.html  +26 links
[721b26db loop 6] job 0001  file html  https://doc.rust-lang.org/std/ops/trait.Drop.html  +72 links
[721b26db loop 3] job 0001  file html  https://doc.rust-lang.org/std/ops/trait.FromResidual.html  +12 links
[721b26db loop 7] job 0001  file html  https://doc.rust-lang.org/std/ops/trait.Index.html  +40 links
[721b26db loop 0] job 0001  file html  https://doc.rust-lang.org/std/ops/trait.Fn.html  +13 links
[721b26db loop 2] job 0001  file html  https://doc.rust-lang.org/std/ops/trait.IntoBounds.html  +17 links
[721b26db loop 4] job 0001  file html  https://doc.rust-lang.org/std/ops/trait.IndexMut.html  +25 links
[721b26db loop 8] job 0001  file html  https://doc.rust-lang.org/std/ops/trait.MulAssign.html  +25 links
[721b26db loop 1] job 0001  file html  https://doc.rust-lang.org/std/ops/trait.Mul.html  +24 links
[721b26db loop 5] job 0001  file html  https://doc.rust-lang.org/std/ops/trait.Neg.html  +24 links
[721b26db loop 9] job 0001  file html  https://doc.rust-lang.org/std/ops/trait.Not.html  +25 links
[721b26db loop 6] job 0001  file html  https://doc.rust-lang.org/std/ops/trait.OneSidedRange.html  +10 links
[721b26db loop 3] job 0001  file html  https://doc.rust-lang.org/std/ops/trait.RangeBounds.html  +18 links
[721b26db loop 2] job 0001  file html  https://doc.rust-lang.org/std/ops/trait.RemAssign.html  +25 links
[721b26db loop 0] job 0001  file html  https://doc.rust-lang.org/std/ops/trait.Rem.html  +24 links
[721b26db loop 7] job 0001  file html  https://doc.rust-lang.org/std/ops/trait.Receiver.html  +5 links
[721b26db loop 4] job 0001  file html  https://doc.rust-lang.org/std/ops/trait.Residual.html  +9 links
[721b26db loop 1] job 0001  file html  https://doc.rust-lang.org/std/ops/trait.ShlAssign.html  +19 links
[721b26db loop 8] job 0001  file html  https://doc.rust-lang.org/std/ops/trait.Shl.html  +18 links
[721b26db loop 2] job 0001  file html  https://doc.rust-lang.org/std/ops/trait.Try.html  +11 links
[721b26db loop 3] job 0001  file html  https://doc.rust-lang.org/std/ops/trait.SubAssign.html  +27 links
[721b26db loop 9] job 0001  file html  https://doc.rust-lang.org/std/ops/trait.ShrAssign.html  +19 links
[721b26db loop 6] job 0001  file html  https://doc.rust-lang.org/std/ops/trait.Sub.html  +36 links
[721b26db loop 0] job 0001  file html  https://doc.rust-lang.org/std/os/darwin/fs/trait.FileTimesExt.html  +7 links
[721b26db loop 7] job 0001  file html  https://doc.rust-lang.org/std/os/darwin/fs/trait.MetadataExt.html  +9 links
[721b26db loop 4] job 0001  file html  https://doc.rust-lang.org/std/os/fd/trait.AsFd.html  +32 links
[721b26db loop 1] job 0001  file html  https://doc.rust-lang.org/std/os/linux/fs/trait.MetadataExt.html  +10 links
[721b26db loop 5] job 0001  file html  https://doc.rust-lang.org/std/ops/trait.Shr.html  +18 links
[721b26db loop 8] job 0001  file html  https://doc.rust-lang.org/std/os/linux/net/trait.SocketAddrExt.html  +10 links
[721b26db loop 2] job 0001  file html  https://doc.rust-lang.org/std/os/linux/net/trait.TcpStreamExt.html  +10 links
[721b26db loop 3] job 0001  file html  https://doc.rust-lang.org/std/os/linux/net/trait.UnixSocketExt.html  +11 links
[721b26db loop 9] job 0001  file html  https://doc.rust-lang.org/std/os/linux/process/trait.ChildExt.html  +13 links
[721b26db loop 6] job 0001  file html  https://doc.rust-lang.org/std/os/linux/process/trait.CommandExt.html  +10 links
[721b26db loop 0] job 0001  file html  https://doc.rust-lang.org/std/os/unix/ffi/trait.OsStrExt.html  +7 links
[721b26db loop 7] job 0001  file html  https://doc.rust-lang.org/std/os/unix/ffi/trait.OsStringExt.html  +8 links
[721b26db loop 4] job 0001  file html  https://doc.rust-lang.org/std/os/unix/fs/trait.DirBuilderExt.html  +7 links
[721b26db loop 2] job 0001  file html  https://doc.rust-lang.org/std/os/unix/fs/trait.DirEntryExt.html  +7 links
[721b26db loop 9] job 0001  file html  https://doc.rust-lang.org/std/os/unix/fs/trait.OpenOptionsExt.html  +8 links
[721b26db loop 3] job 0001  file html  https://doc.rust-lang.org/std/os/unix/fs/trait.DirEntryExt2.html  +7 links
[721b26db loop 1] job 0001  file html  https://doc.rust-lang.org/std/os/unix/fs/trait.FileExt.html  +16 links
[721b26db loop 5] job 0001  file html  https://doc.rust-lang.org/std/os/unix/fs/trait.FileTypeExt.html  +7 links
[721b26db loop 6] job 0001  file html  https://doc.rust-lang.org/std/os/unix/fs/trait.PermissionsExt.html  +7 links
[721b26db loop 8] job 0001  file html  https://doc.rust-lang.org/std/os/unix/fs/trait.MetadataExt.html  +9 links
[721b26db loop 7] job 0001  file html  https://doc.rust-lang.org/std/os/unix/process/trait.ChildExt.html  +10 links
[721b26db loop 0] job 0001  file html  https://doc.rust-lang.org/std/os/unix/io/trait.StdioExt.html  +16 links
[721b26db loop 4] job 0001  file html  https://doc.rust-lang.org/std/os/unix/process/trait.CommandExt.html  +22 links
[721b26db loop 2] job 0001  file html  https://doc.rust-lang.org/std/os/unix/process/trait.ExitStatusExt.html  +10 links
[721b26db loop 9] job 0001  file html  https://doc.rust-lang.org/std/os/unix/thread/trait.JoinHandleExt.html  +7 links
[721b26db loop 3] job 0001  file html  https://doc.rust-lang.org/std/os/wasi/ffi/trait.OsStrExt.html  +7 links
[721b26db loop 1] job 0001  file html  https://doc.rust-lang.org/std/os/wasi/ffi/trait.OsStringExt.html  +8 links
[721b26db loop 5] job 0001  file html  https://doc.rust-lang.org/std/os/wasi/fs/trait.DirEntryExt.html  +7 links
[721b26db loop 6] job 0001  file html  https://doc.rust-lang.org/std/os/wasi/fs/trait.FileExt.html  +16 links
[721b26db loop 7] job 0001  file html  https://doc.rust-lang.org/std/os/wasi/fs/trait.MetadataExt.html  +7 links
[721b26db loop 8] job 0001  file html  https://doc.rust-lang.org/std/os/wasi/fs/trait.FileTypeExt.html  +7 links
[721b26db loop 0] job 0001  file html  https://doc.rust-lang.org/std/os/wasi/fs/trait.OpenOptionsExt.html  +7 links
[721b26db loop 2] job 0001  file html  https://doc.rust-lang.org/std/os/windows/ffi/trait.OsStringExt.html  +8 links
[721b26db loop 4] job 0001  file html  https://doc.rust-lang.org/std/os/windows/ffi/trait.OsStrExt.html  +8 links
[721b26db loop 3] job 0001  file html  https://doc.rust-lang.org/std/os/windows/fs/trait.FileTimesExt.html  +7 links
[721b26db loop 9] job 0001  file html  https://doc.rust-lang.org/std/os/windows/fs/trait.FileExt.html  +12 links
[721b26db loop 1] job 0001  file html  https://doc.rust-lang.org/std/os/windows/fs/trait.FileTypeExt.html  +7 links
[721b26db loop 5] job 0001  file html  https://doc.rust-lang.org/std/os/windows/fs/trait.MetadataExt.html  +9 links
[721b26db loop 7] job 0001  file html  https://doc.rust-lang.org/std/os/windows/fs/trait.OpenOptionsExt2.html  +7 links
[721b26db loop 6] job 0001  file html  https://doc.rust-lang.org/std/os/windows/fs/trait.OpenOptionsExt.html  +7 links
[721b26db loop 8] job 0001  file html  https://doc.rust-lang.org/std/os/windows/fs/trait.PermissionsExt.html  +7 links
[721b26db loop 0] job 0001  file html  https://doc.rust-lang.org/std/os/windows/io/trait.AsHandle.html  +27 links
[721b26db loop 4] job 0001  file html  https://doc.rust-lang.org/std/os/windows/io/trait.AsRawSocket.html  +14 links
[721b26db loop 3] job 0001  file html  https://doc.rust-lang.org/std/os/windows/io/trait.AsSocket.html  +17 links
[721b26db loop 9] job 0001  file html  https://doc.rust-lang.org/std/os/windows/io/trait.FromRawHandle.html  +12 links
[721b26db loop 2] job 0001  file html  https://doc.rust-lang.org/std/os/windows/io/trait.AsRawHandle.html  +23 links
[721b26db loop 1] job 0001  file html  https://doc.rust-lang.org/std/os/windows/io/trait.FromRawSocket.html  +13 links
[721b26db loop 5] job 0001  file html  https://doc.rust-lang.org/std/os/windows/io/trait.IntoRawHandle.html  +15 links
[721b26db loop 7] job 0001  file html  https://doc.rust-lang.org/std/os/windows/io/trait.IntoRawSocket.html  +12 links
[721b26db loop 6] job 0001  file html  https://doc.rust-lang.org/std/os/windows/io/trait.StdioExt.html  +17 links
[721b26db loop 8] job 0001  file html  https://doc.rust-lang.org/std/os/windows/process/trait.CommandExt.html  +15 links
[721b26db loop 0] job 0001  file html  https://doc.rust-lang.org/std/os/windows/process/trait.ExitCodeExt.html  +7 links
[721b26db loop 3] job 0001  file html  https://doc.rust-lang.org/std/panic/trait.RefUnwindSafe.html  +608 links
[721b26db loop 4] job 0001  file html  https://doc.rust-lang.org/std/os/windows/process/trait.ExitStatusExt.html  +7 links
[721b26db loop 9] job 0001  file html  https://doc.rust-lang.org/std/panic/trait.UnwindSafe.html  +613 links
[721b26db loop 2] job 0001  file html  https://doc.rust-lang.org/std/pin/trait.PinSafePointer.html  +21 links
[721b26db loop 1] job 0001  file html  https://doc.rust-lang.org/std/process/trait.Termination.html  +9 links
[721b26db loop 5] job 0001  file html  https://doc.rust-lang.org/std/ptr/trait.Pointee.html  +16 links
[721b26db loop 7] job 0001  file html  https://doc.rust-lang.org/std/random/trait.Distribution.html  +21 links
[721b26db loop 6] job 0001  file html  https://doc.rust-lang.org/std/random/trait.Rng.html  +7 links
[721b26db loop 8] job 0001  file html  https://doc.rust-lang.org/std/simd/trait.MaskElement.html  +10 links
[721b26db loop 0] job 0001  file html  https://doc.rust-lang.org/std/simd/trait.Select.html  +9 links
[721b26db loop 3] job 0001  file html  https://doc.rust-lang.org/std/simd/trait.SimdCast.html  +17 links
[721b26db loop 2] job 0001  file html  https://doc.rust-lang.org/std/simd/trait.Swizzle.html  +9 links
[721b26db loop 9] job 0001  file html  https://doc.rust-lang.org/std/simd/trait.StdFloat.html  +9 links
[721b26db loop 4] job 0001  file html  https://doc.rust-lang.org/std/simd/trait.SimdElement.html  +21 links
[721b26db loop 5] job 0001  file html  https://doc.rust-lang.org/std/simd/cmp/trait.SimdOrd.html  +18 links
[721b26db loop 6] job 0001  file html  https://doc.rust-lang.org/std/simd/cmp/trait.SimdPartialOrd.html  +21 links
[721b26db loop 7] job 0001  file html  https://doc.rust-lang.org/std/simd/cmp/trait.SimdPartialEq.html  +21 links
[721b26db loop 1] job 0001  file html  https://doc.rust-lang.org/std/simd/trait.ToBytes.html  +23 links
[721b26db loop 8] job 0001  file html  https://doc.rust-lang.org/std/simd/num/trait.SimdFloat.html  +20 links
[721b26db loop 0] job 0001  file html  https://doc.rust-lang.org/std/simd/num/trait.SimdInt.html  +19 links
[721b26db loop 3] job 0001  file html  https://doc.rust-lang.org/std/simd/num/trait.SimdUint.html  +13 links
[721b26db loop 2] job 0001  file html  https://doc.rust-lang.org/std/simd/ptr/trait.SimdConstPtr.html  +11 links
[721b26db loop 9] job 0001  file html  https://doc.rust-lang.org/std/slice/trait.Concat.html  +10 links
[721b26db loop 4] job 0001  file html  https://doc.rust-lang.org/std/slice/trait.Join.html  +12 links
[721b26db loop 5] job 0001  file html  https://doc.rust-lang.org/std/slice/trait.SliceIndex.html  +23 links
[721b26db loop 6] job 0001  file html  https://doc.rust-lang.org/std/str/pattern/trait.DoubleEndedSearcher.html  +16 links
[721b26db loop 7] job 0001  file html  https://doc.rust-lang.org/std/str/pattern/trait.Pattern.html  +22 links
[721b26db loop 0] job 0001  file html  https://doc.rust-lang.org/std/string/trait.ToString.html  +6 links
[721b26db loop 1] job 0001  file html  https://doc.rust-lang.org/std/str/pattern/trait.ReverseSearcher.html  +18 links
[721b26db loop 8] job 0001  file html  https://doc.rust-lang.org/std/str/pattern/trait.Searcher.html  +18 links
[721b26db loop 3] job 0001  file html  https://doc.rust-lang.org/std/sync/atomic/trait.AtomicPrimitive.html  +19 links
[721b26db loop 2] job 0001  file html  https://doc.rust-lang.org/std/task/trait.LocalWake.html  +5 links
[721b26db loop 9] job 0001  file html  https://doc.rust-lang.org/std/task/trait.Wake.html  +6 links
[721b26db loop 4] job 0001  file html  https://doc.rust-lang.org/std/arch/macro.is_aarch64_feature_detected.html  +3 links
[721b26db loop 5] job 0001  file html  https://doc.rust-lang.org/std/arch/macro.is_arm_feature_detected.html  +3 links
[721b26db loop 6] job 0001  file html  https://doc.rust-lang.org/std/arch/macro.is_loongarch_feature_detected.html  +3 links
[721b26db loop 7] job 0001  file html  https://doc.rust-lang.org/std/arch/macro.is_mips64_feature_detected.html  +3 links
[721b26db loop 0] job 0001  file html  https://doc.rust-lang.org/std/arch/macro.is_mips_feature_detected.html  +3 links
[721b26db loop 1] job 0001  file html  https://doc.rust-lang.org/std/arch/macro.is_powerpc64_feature_detected.html  +3 links
[721b26db loop 3] job 0001  file html  https://doc.rust-lang.org/std/arch/macro.is_riscv_feature_detected.html  +3 links
[721b26db loop 8] job 0001  file html  https://doc.rust-lang.org/std/arch/macro.is_powerpc_feature_detected.html  +3 links
[721b26db loop 2] job 0001  file html  https://doc.rust-lang.org/std/arch/macro.is_s390x_feature_detected.html  +3 links
[721b26db loop 4] job 0001  file html  https://doc.rust-lang.org/std/field/macro.field_of.html  +3 links
[721b26db loop 9] job 0001  file html  https://doc.rust-lang.org/std/arch/macro.is_x86_feature_detected.html  +3 links
[721b26db loop 5] job 0001  file html  https://doc.rust-lang.org/std/future/macro.join.html  +3 links
[721b26db loop 6] job 0001  file html  https://doc.rust-lang.org/std/intrinsics/mir/macro.mir.html  +4 links
[721b26db loop 7] job 0001  file html  https://doc.rust-lang.org/std/intrinsics/mir/macro.place.html  +5 links
[721b26db loop 0] job 0001  file html  https://doc.rust-lang.org/std/io/macro.const_error.html  +3 links
[721b26db loop 3] job 0001  file html  https://doc.rust-lang.org/std/mem/macro.offset_of.html  +5 links
[721b26db loop 8] job 0001  file html  https://doc.rust-lang.org/std/offload/macro.offload.html  +4 links
[721b26db loop 1] job 0001  file html  https://doc.rust-lang.org/std/iter/macro.iter.html  +4 links
[721b26db loop 9] job 0001  file html  https://doc.rust-lang.org/std/pin/macro.pin.html  +9 links
[721b26db loop 2] job 0001  file html  https://doc.rust-lang.org/std/offload/offload/macro.offload.html  +5 links
[721b26db loop 4] job 0001  file html  https://doc.rust-lang.org/std/pat/macro.pattern_type.html  +3 links
[721b26db loop 6] job 0001  file html  https://doc.rust-lang.org/std/prelude/v1/macro.type_ascribe.html  +4 links
[721b26db loop 0] job 0001  file html  https://doc.rust-lang.org/std/ptr/macro.addr_of_mut.html  +4 links
[721b26db loop 5] job 0001  file html  https://doc.rust-lang.org/std/prelude/v1/macro.deref.html  +4 links
[721b26db loop 7] job 0001  file html  https://doc.rust-lang.org/std/ptr/macro.addr_of.html  +5 links
[721b26db loop 3] job 0001  file html  https://doc.rust-lang.org/std/simd/macro.simd_swizzle.html  +4 links
[721b26db loop 8] job 0001  file html  https://doc.rust-lang.org/std/task/macro.ready.html  +4 links
[721b26db loop 9] job 0001  file html  https://doc.rust-lang.org/std/unsafe_binder/macro.wrap_binder.html  +3 links
[721b26db loop 1] job 0001  file html  https://doc.rust-lang.org/std/unsafe_binder/macro.unwrap_binder.html  +3 links
[721b26db loop 2] job 0001  file html  https://doc.rust-lang.org/std/view/macro.view_type.html  +3 links
[721b26db loop 4] job 0001  file html  https://doc.rust-lang.org/std/autodiff/attr.autodiff_forward.html  +3 links
[721b26db loop 6] job 0001  file html  https://doc.rust-lang.org/std/autodiff/attr.autodiff_reverse.html  +3 links
[721b26db loop 5] job 0001  file html  https://doc.rust-lang.org/std/offload/attr.offload_kernel.html  +3 links
[721b26db loop 7] job 0001  file html  https://doc.rust-lang.org/std/prelude/v1/attr.alloc_error_handler.html  +5 links
[721b26db loop 0] job 0001  file html  https://doc.rust-lang.org/std/offload/offload/attr.offload_kernel.html  +4 links
[721b26db loop 3] job 0001  file html  https://doc.rust-lang.org/std/prelude/v1/attr.bench.html  +4 links
[721b26db loop 8] job 0001  file html  https://doc.rust-lang.org/std/prelude/v1/attr.cfg_accessible.html  +4 links
[721b26db loop 9] job 0001  file html  https://doc.rust-lang.org/std/prelude/v1/attr.cfg_eval.html  +4 links
[721b26db loop 1] job 0001  file html  https://doc.rust-lang.org/std/prelude/v1/attr.define_opaque.html  +4 links
[721b26db loop 2] job 0001  file html  https://doc.rust-lang.org/std/prelude/v1/attr.derive_const.html  +4 links
[721b26db loop 4] job 0001  file html  https://doc.rust-lang.org/std/prelude/v1/attr.eii.html  +4 links
[721b26db loop 6] job 0001  file html  https://doc.rust-lang.org/std/prelude/v1/attr.eii_declaration.html  +4 links
[721b26db loop 5] job 0001  file html  https://doc.rust-lang.org/std/prelude/v1/attr.global_allocator.html  +5 links
[721b26db loop 7] job 0001  file html  https://doc.rust-lang.org/std/prelude/v1/attr.test.html  +4 links
[721b26db loop 0] job 0001  file html  https://doc.rust-lang.org/std/prelude/v1/attr.test_case.html  +4 links
[721b26db loop 3] job 0001  file html  https://doc.rust-lang.org/std/prelude/v1/attr.unsafe_eii.html  +4 links
[721b26db loop 9] job 0001  file html  https://doc.rust-lang.org/std/cmp/derive.Eq.html  +4 links
[721b26db loop 1] job 0001  file html  https://doc.rust-lang.org/std/cmp/derive.Ord.html  +4 links
[721b26db loop 8] job 0001  file html  https://doc.rust-lang.org/std/clone/derive.Clone.html  +3 links
[721b26db loop 2] job 0001  file html  https://doc.rust-lang.org/std/cmp/derive.PartialEq.html  +4 links
[721b26db loop 4] job 0001  file html  https://doc.rust-lang.org/std/cmp/derive.PartialOrd.html  +4 links
[721b26db loop 6] job 0001  file html  https://doc.rust-lang.org/std/default/derive.Default.html  +3 links
[721b26db loop 5] job 0001  file html  https://doc.rust-lang.org/std/fmt/derive.Debug.html  +3 links
[721b26db loop 7] job 0001  file html  https://doc.rust-lang.org/std/from/derive.From.html  +3 links
[721b26db loop 0] job 0001  file html  https://doc.rust-lang.org/std/hash/derive.Hash.html  +3 links
[721b26db loop 3] job 0001  file html  https://doc.rust-lang.org/std/marker/derive.CoercePointee.html  +4 links
[721b26db loop 9] job 0001  file html  https://doc.rust-lang.org/std/marker/derive.CoerceShared.html  +3 links
[721b26db loop 8] job 0001  file html  https://doc.rust-lang.org/std/marker/derive.Copy.html  +3 links
[721b26db loop 1] job 0001  file html  https://doc.rust-lang.org/std/marker/derive.ConstParamTy.html  +3 links
[721b26db loop 2] job 0001  file html  https://doc.rust-lang.org/std/marker/derive.Reborrow.html  +3 links
[721b26db loop 4] job 0001  file html  https://doc.rust-lang.org/std/alloc/fn.alloc.html  +11 links
[721b26db loop 6] job 0001  file html  https://doc.rust-lang.org/std/alloc/fn.alloc_zeroed.html  +11 links
[721b26db loop 5] job 0001  file html  https://doc.rust-lang.org/std/alloc/fn.handle_alloc_error.html  +7 links
[721b26db loop 0] job 0001  file html  https://doc.rust-lang.org/std/alloc/fn.set_alloc_error_hook.html  +7 links
[721b26db loop 7] job 0001  file html  https://doc.rust-lang.org/std/alloc/fn.realloc.html  +13 links
[721b26db loop 9] job 0001  file html  https://doc.rust-lang.org/std/any/fn.try_as_dyn.html  +7 links
[721b26db loop 3] job 0001  file html  https://doc.rust-lang.org/std/alloc/fn.take_alloc_error_hook.html  +6 links
[721b26db loop 8] job 0001  file html  https://doc.rust-lang.org/std/any/fn.try_as_dyn_mut.html  +8 links
[721b26db loop 4] job 0001  file html  https://doc.rust-lang.org/std/array/fn.from_fn.html  +6 links
[721b26db loop 1] job 0001  file html  https://doc.rust-lang.org/std/any/fn.type_name.html  +5 links
[721b26db loop 2] job 0001  file html  https://doc.rust-lang.org/std/any/fn.type_name_of_val.html  +7 links
[721b26db loop 6] job 0001  file html  https://doc.rust-lang.org/std/array/fn.from_mut.html  +5 links
[721b26db loop 0] job 0001  file html  https://doc.rust-lang.org/std/array/fn.repeat.html  +7 links
[721b26db loop 3] job 0001  file html  https://doc.rust-lang.org/std/async_iter/fn.from_iter.html  +5 links
[721b26db loop 9] job 0001  file html  https://doc.rust-lang.org/std/ascii/fn.escape_default.html  +5 links
[721b26db loop 5] job 0001  file html  https://doc.rust-lang.org/std/array/fn.from_ref.html  +5 links
[721b26db loop 8] job 0001  file html  https://doc.rust-lang.org/std/char/fn.decode_utf16.html  +7 links
[721b26db loop 7] job 0001  file html  https://doc.rust-lang.org/std/array/fn.try_from_fn.html  +9 links
[721b26db loop 4] job 0001  file html  https://doc.rust-lang.org/std/char/fn.from_digit.html  +6 links
[721b26db loop 1] job 0001  file html  https://doc.rust-lang.org/std/char/fn.from_u32.html  +6 links
[721b26db loop 2] job 0001  file html  https://doc.rust-lang.org/std/char/fn.from_u32_unchecked.html  +5 links
[721b26db loop 6] job 0001  file html  https://doc.rust-lang.org/std/cmp/fn.largest.html  +5 links
[721b26db loop 0] job 0001  file html  https://doc.rust-lang.org/std/cmp/fn.max.html  +4 links
[721b26db loop 3] job 0001  file html  https://doc.rust-lang.org/std/cmp/fn.max_by.html  +6 links
[721b26db loop 9] job 0001  file html  https://doc.rust-lang.org/std/cmp/fn.max_by_key.html  +6 links
[721b26db loop 5] job 0001  file html  https://doc.rust-lang.org/std/cmp/fn.min.html  +4 links
[721b26db loop 8] job 0001  file html  https://doc.rust-lang.org/std/cmp/fn.min_by.html  +6 links
[721b26db loop 4] job 0001  file html  https://doc.rust-lang.org/std/cmp/fn.minmax.html  +5 links
[721b26db loop 7] job 0001  file html  https://doc.rust-lang.org/std/cmp/fn.min_by_key.html  +6 links
[721b26db loop 1] job 0001  file html  https://doc.rust-lang.org/std/cmp/fn.minmax_by.html  +7 links
[721b26db loop 2] job 0001  file html  https://doc.rust-lang.org/std/cmp/fn.minmax_by_key.html  +7 links
[721b26db loop 6] job 0001  file html  https://doc.rust-lang.org/std/cmp/fn.smallest.html  +5 links
[721b26db loop 0] job 0001  file html  https://doc.rust-lang.org/std/convert/fn.identity.html  +3 links
[721b26db loop 3] job 0001  file html  https://doc.rust-lang.org/std/env/fn.args.html  +5 links
[721b26db loop 9] job 0001  file html  https://doc.rust-lang.org/std/env/fn.args_os.html  +5 links
[721b26db loop 5] job 0001  file html  https://doc.rust-lang.org/std/env/fn.current_dir.html  +7 links
[721b26db loop 8] job 0001  file html  https://doc.rust-lang.org/std/env/fn.current_exe.html  +5 links
[721b26db loop 4] job 0001  file html  https://doc.rust-lang.org/std/env/fn.home_dir.html  +5 links
[721b26db loop 7] job 0001  file html  https://doc.rust-lang.org/std/env/fn.join_paths.html  +11 links
[721b26db loop 1] job 0001  file html  https://doc.rust-lang.org/std/env/fn.remove_var.html  +7 links
[721b26db loop 2] job 0001  file html  https://doc.rust-lang.org/std/env/fn.set_current_dir.html  +9 links
[721b26db loop 0] job 0001  file html  https://doc.rust-lang.org/std/env/fn.split_paths.html  +10 links
[721b26db loop 3] job 0001  file html  https://doc.rust-lang.org/std/env/fn.temp_dir.html  +5 links
[721b26db loop 5] job 0001  file html  https://doc.rust-lang.org/std/env/fn.var_os.html  +9 links
[721b26db loop 8] job 0001  file html  https://doc.rust-lang.org/std/env/fn.vars.html  +5 links
[721b26db loop 6] job 0001  file html  https://doc.rust-lang.org/std/env/fn.set_var.html  +7 links
[721b26db loop 9] job 0001  file html  https://doc.rust-lang.org/std/env/fn.var.html  +11 links
[721b26db loop 4] job 0001  file html  https://doc.rust-lang.org/std/env/fn.vars_os.html  +5 links
[721b26db loop 7] job 0001  file html  https://doc.rust-lang.org/std/error/fn.request_ref.html  +7 links
[721b26db loop 2] job 0001  file html  https://doc.rust-lang.org/std/fmt/fn.format.html  +7 links
[721b26db loop 1] job 0001  file html  https://doc.rust-lang.org/std/error/fn.request_value.html  +6 links
[721b26db loop 0] job 0001  file html  https://doc.rust-lang.org/std/fmt/fn.write.html  +9 links
[721b26db loop 5] job 0001  file html  https://doc.rust-lang.org/std/fs/fn.canonicalize.html  +8 links
[721b26db loop 3] job 0001  file html  https://doc.rust-lang.org/std/fmt/fn.from_fn.html  +11 links
[721b26db loop 8] job 0001  file html  https://doc.rust-lang.org/std/fs/fn.copy.html  +10 links
[721b26db loop 9] job 0001  file html  https://doc.rust-lang.org/std/fs/fn.create_dir.html  +9 links
[721b26db loop 6] job 0001  file html  https://doc.rust-lang.org/std/fs/fn.exists.html  +7 links
[721b26db loop 4] job 0001  file html  https://doc.rust-lang.org/std/fs/fn.create_dir_all.html  +9 links
[721b26db loop 2] job 0001  file html  https://doc.rust-lang.org/std/fs/fn.metadata.html  +9 links
[721b26db loop 7] job 0001  file html  https://doc.rust-lang.org/std/fs/fn.hard_link.html  +8 links
[721b26db loop 1] job 0001  file html  https://doc.rust-lang.org/std/fs/fn.read.html  +12 links
[721b26db loop 0] job 0001  file html  https://doc.rust-lang.org/std/fs/fn.read_dir.html  +9 links
[721b26db loop 5] job 0001  file html  https://doc.rust-lang.org/std/fs/fn.read_link.html  +8 links
[721b26db loop 3] job 0001  file html  https://doc.rust-lang.org/std/fs/fn.read_to_string.html  +11 links
[721b26db loop 8] job 0001  file html  https://doc.rust-lang.org/std/fs/fn.remove_dir.html  +9 links
[721b26db loop 6] job 0001  file html  https://doc.rust-lang.org/std/fs/fn.remove_file.html  +8 links
[721b26db loop 2] job 0001  file html  https://doc.rust-lang.org/std/fs/fn.set_permissions.html  +9 links
[721b26db loop 9] job 0001  file html  https://doc.rust-lang.org/std/fs/fn.remove_dir_all.html  +11 links
[721b26db loop 4] job 0001  file html  https://doc.rust-lang.org/std/fs/fn.rename.html  +8 links
[721b26db loop 7] job 0001  file html  https://doc.rust-lang.org/std/fs/fn.set_permissions_nofollow.html  +11 links
[721b26db loop 1] job 0001  file html  https://doc.rust-lang.org/std/fs/fn.set_times.html  +8 links
[721b26db loop 0] job 0001  file html  https://doc.rust-lang.org/std/fs/fn.set_times_nofollow.html  +8 links
[721b26db loop 5] job 0001  file html  https://doc.rust-lang.org/std/fs/fn.soft_link.html  +10 links
[721b26db loop 3] job 0001  file html  https://doc.rust-lang.org/std/fs/fn.symlink_metadata.html  +9 links
[721b26db loop 8] job 0001  file html  https://doc.rust-lang.org/std/fs/fn.write.html  +10 links
[721b26db loop 2] job 0001  file html  https://doc.rust-lang.org/std/future/fn.pending.html  +4 links
[721b26db loop 9] job 0001  file html  https://doc.rust-lang.org/std/future/fn.poll_fn.html  +10 links
[721b26db loop 6] job 0001  file html  https://doc.rust-lang.org/std/future/fn.async_drop_in_place.html  +6 links
[721b26db loop 4] job 0001  file html  https://doc.rust-lang.org/std/future/fn.ready.html  +4 links
[721b26db loop 7] job 0001  file html  https://doc.rust-lang.org/std/hint/fn.assert_unchecked.html  +5 links
[721b26db loop 1] job 0001  file html  https://doc.rust-lang.org/std/hint/fn.black_box.html  +5 links
[721b26db loop 0] job 0001  file html  https://doc.rust-lang.org/std/hint/fn.cold_path.html  +3 links
[721b26db loop 8] job 0001  file html  https://doc.rust-lang.org/std/hint/fn.prefetch_read.html  +5 links
[721b26db loop 3] job 0001  file html  https://doc.rust-lang.org/std/hint/fn.must_use.html  +3 links
[721b26db loop 5] job 0001  file html  https://doc.rust-lang.org/std/hint/fn.likely.html  +5 links
[721b26db loop 2] job 0001  file html  https://doc.rust-lang.org/std/hint/fn.prefetch_read_instruction.html  +5 links
[721b26db loop 9] job 0001  file html  https://doc.rust-lang.org/std/hint/fn.prefetch_read_non_temporal.html  +5 links
[721b26db loop 6] job 0001  file html  https://doc.rust-lang.org/std/hint/fn.prefetch_write.html  +5 links
[721b26db loop 4] job 0001  file html  https://doc.rust-lang.org/std/hint/fn.prefetch_write_non_temporal.html  +5 links
[721b26db loop 7] job 0001  file html  https://doc.rust-lang.org/std/hint/fn.select_unpredictable.html  +4 links
[721b26db loop 0] job 0001  file html  https://doc.rust-lang.org/std/hint/fn.spin_loop.html  +4 links
[721b26db loop 3] job 0001  file html  https://doc.rust-lang.org/std/hint/fn.unlikely.html  +5 links
[721b26db loop 1] job 0001  file html  https://doc.rust-lang.org/std/hint/fn.unreachable_unchecked.html  +5 links
[721b26db loop 8] job 0001  file html  https://doc.rust-lang.org/std/intrinsics/fn.abort.html  +6 links
[721b26db loop 5] job 0001  file html  https://doc.rust-lang.org/std/intrinsics/fn.add_with_overflow.html  +6 links
[721b26db loop 2] job 0001  file html  https://doc.rust-lang.org/std/intrinsics/fn.aggregate_raw_ptr.html  +4 links
[721b26db loop 6] job 0001  file html  https://doc.rust-lang.org/std/intrinsics/fn.align_of_val.html  +8 links
[721b26db loop 0] job 0001  file html  https://doc.rust-lang.org/std/intrinsics/fn.assert_mem_uninitialized_valid.html  +3 links
[721b26db loop 8] job 0001  file html  https://doc.rust-lang.org/std/intrinsics/fn.assume.html  +5 links
[721b26db loop 3] job 0001  file html  https://doc.rust-lang.org/std/intrinsics/fn.atomic_and.html  +8 links
[721b26db loop 5] job 0001  file html  https://doc.rust-lang.org/std/intrinsics/fn.atomic_cxchg.html  +9 links
[721b26db loop 9] job 0001  file html  https://doc.rust-lang.org/std/intrinsics/fn.align_of.html  +5 links
[721b26db loop 4] job 0001  file html  https://doc.rust-lang.org/std/intrinsics/fn.arith_offset.html  +5 links
[721b26db loop 1] job 0001  file html  https://doc.rust-lang.org/std/intrinsics/fn.assert_zero_valid.html  +3 links
[721b26db loop 7] job 0001  file html  https://doc.rust-lang.org/std/intrinsics/fn.assert_inhabited.html  +3 links
[721b26db loop 2] job 0001  file html  https://doc.rust-lang.org/std/intrinsics/fn.atomic_cxchgweak.html  +9 links
[721b26db loop 6] job 0001  file html  https://doc.rust-lang.org/std/intrinsics/fn.atomic_fence.html  +5 links
[721b26db loop 0] job 0001  file html  https://doc.rust-lang.org/std/intrinsics/fn.atomic_load.html  +8 links
[721b26db loop 3] job 0001  file html  https://doc.rust-lang.org/std/intrinsics/fn.atomic_min.html  +8 links
[721b26db loop 5] job 0001  file html  https://doc.rust-lang.org/std/intrinsics/fn.atomic_nand.html  +8 links
[721b26db loop 9] job 0001  file html  https://doc.rust-lang.org/std/intrinsics/fn.atomic_or.html  +8 links
[721b26db loop 7] job 0001  file html  https://doc.rust-lang.org/std/intrinsics/fn.atomic_umax.html  +8 links
[721b26db loop 8] job 0001  file html  https://doc.rust-lang.org/std/intrinsics/fn.atomic_max.html  +8 links
[721b26db loop 4] job 0001  file html  https://doc.rust-lang.org/std/intrinsics/fn.atomic_singlethreadfence.html  +5 links
[721b26db loop 1] job 0001  file html  https://doc.rust-lang.org/std/intrinsics/fn.atomic_store.html  +8 links
[721b26db loop 2] job 0001  file html  https://doc.rust-lang.org/std/intrinsics/fn.atomic_umin.html  +8 links
[721b26db loop 6] job 0001  file html  https://doc.rust-lang.org/std/intrinsics/fn.atomic_xadd.html  +8 links
[721b26db loop 5] job 0001  file html  https://doc.rust-lang.org/std/intrinsics/fn.atomic_xsub.html  +8 links
[721b26db loop 7] job 0001  file html  https://doc.rust-lang.org/std/intrinsics/fn.autodiff.html  +4 links
[721b26db loop 0] job 0001  file html  https://doc.rust-lang.org/std/intrinsics/fn.atomic_xchg.html  +8 links
[721b26db loop 9] job 0001  file html  https://doc.rust-lang.org/std/intrinsics/fn.bitreverse.html  +5 links
[721b26db loop 8] job 0001  file html  https://doc.rust-lang.org/std/intrinsics/fn.black_box.html  +4 links
[721b26db loop 4] job 0001  file html  https://doc.rust-lang.org/std/intrinsics/fn.breakpoint.html  +3 links
[721b26db loop 3] job 0001  file html  https://doc.rust-lang.org/std/intrinsics/fn.atomic_xor.html  +8 links
[721b26db loop 1] job 0001  file html  https://doc.rust-lang.org/std/intrinsics/fn.bswap.html  +5 links
[721b26db loop 2] job 0001  file html  https://doc.rust-lang.org/std/intrinsics/fn.caller_location.html  +4 links
[721b26db loop 5] job 0001  file html  https://doc.rust-lang.org/std/intrinsics/fn.carryless_mul.html  +5 links
[721b26db loop 6] job 0001  file html  https://doc.rust-lang.org/std/intrinsics/fn.carrying_mul_add.html  +5 links
[721b26db loop 7] job 0001  file html  https://doc.rust-lang.org/std/intrinsics/fn.catch_unwind.html  +8 links
[721b26db loop 9] job 0001  file html  https://doc.rust-lang.org/std/intrinsics/fn.ceilf16.html  +4 links
[721b26db loop 8] job 0001  file html  https://doc.rust-lang.org/std/intrinsics/fn.ceilf32.html  +4 links
[721b26db loop 4] job 0001  file html  https://doc.rust-lang.org/std/intrinsics/fn.ceilf64.html  +4 links
[721b26db loop 1] job 0001  file html  https://doc.rust-lang.org/std/intrinsics/fn.compare_bytes.html  +8 links
[721b26db loop 0] job 0001  file html  https://doc.rust-lang.org/std/intrinsics/fn.ceilf128.html  +4 links
[721b26db loop 3] job 0001  file html  https://doc.rust-lang.org/std/intrinsics/fn.cold_path.html  +4 links
[721b26db loop 2] job 0001  file html  https://doc.rust-lang.org/std/intrinsics/fn.const_allocate.html  +6 links
[721b26db loop 5] job 0001  file html  https://doc.rust-lang.org/std/intrinsics/fn.const_deallocate.html  +6 links
[721b26db loop 6] job 0001  file html  https://doc.rust-lang.org/std/intrinsics/fn.const_eval_select.html  +5 links
[721b26db loop 7] job 0001  file html  https://doc.rust-lang.org/std/intrinsics/fn.const_make_global.html  +5 links
[721b26db loop 8] job 0001  file html  https://doc.rust-lang.org/std/intrinsics/fn.contract_check_requires.html  +6 links
[721b26db loop 9] job 0001  file html  https://doc.rust-lang.org/std/intrinsics/fn.contract_check_ensures.html  +8 links
[721b26db loop 4] job 0001  file html  https://doc.rust-lang.org/std/intrinsics/fn.copy.html  +6 links
[721b26db loop 1] job 0001  file html  https://doc.rust-lang.org/std/intrinsics/fn.copy_nonoverlapping.html  +6 links
[721b26db loop 0] job 0001  file html  https://doc.rust-lang.org/std/intrinsics/fn.copysignf128.html  +4 links
[721b26db loop 2] job 0001  file html  https://doc.rust-lang.org/std/intrinsics/fn.copysignf32.html  +4 links
[721b26db loop 3] job 0001  file html  https://doc.rust-lang.org/std/intrinsics/fn.copysignf16.html  +4 links
[721b26db loop 5] job 0001  file html  https://doc.rust-lang.org/std/intrinsics/fn.copysignf64.html  +4 links
[721b26db loop 9] job 0001  file html  https://doc.rust-lang.org/std/intrinsics/fn.cosf64.html  +4 links
[721b26db loop 8] job 0001  file html  https://doc.rust-lang.org/std/intrinsics/fn.cosf32.html  +4 links
[721b26db loop 4] job 0001  file html  https://doc.rust-lang.org/std/intrinsics/fn.ctlz.html  +5 links
[721b26db loop 6] job 0001  file html  https://doc.rust-lang.org/std/intrinsics/fn.cosf128.html  +4 links
[721b26db loop 7] job 0001  file html  https://doc.rust-lang.org/std/intrinsics/fn.cosf16.html  +4 links
[721b26db loop 1] job 0001  file html  https://doc.rust-lang.org/std/intrinsics/fn.ctlz_nonzero.html  +5 links
[721b26db loop 0] job 0001  file html  https://doc.rust-lang.org/std/intrinsics/fn.ctpop.html  +5 links
[721b26db loop 3] job 0001  file html  https://doc.rust-lang.org/std/intrinsics/fn.cttz_nonzero.html  +5 links
[721b26db loop 2] job 0001  file html  https://doc.rust-lang.org/std/intrinsics/fn.cttz.html  +5 links
[721b26db loop 5] job 0001  file html  https://doc.rust-lang.org/std/intrinsics/fn.discriminant_value.html  +6 links
[721b26db loop 9] job 0001  file html  https://doc.rust-lang.org/std/intrinsics/fn.disjoint_bitor.html  +4 links
[721b26db loop 8] job 0001  file html  https://doc.rust-lang.org/std/intrinsics/fn.exact_div.html  +4 links
[721b26db loop 4] job 0001  file html  https://doc.rust-lang.org/std/intrinsics/fn.exp2f128.html  +4 links
[721b26db loop 6] job 0001  file html  https://doc.rust-lang.org/std/intrinsics/fn.exp2f16.html  +4 links
[721b26db loop 7] job 0001  file html  https://doc.rust-lang.org/std/intrinsics/fn.exp2f32.html  +4 links
[721b26db loop 1] job 0001  file html  https://doc.rust-lang.org/std/intrinsics/fn.exp2f64.html  +4 links
[721b26db loop 0] job 0001  file html  https://doc.rust-lang.org/std/intrinsics/fn.expf128.html  +4 links
[721b26db loop 3] job 0001  file html  https://doc.rust-lang.org/std/intrinsics/fn.expf16.html  +4 links
[721b26db loop 5] job 0001  file html  https://doc.rust-lang.org/std/intrinsics/fn.expf64.html  +4 links
[721b26db loop 9] job 0001  file html  https://doc.rust-lang.org/std/intrinsics/fn.fabs.html  +4 links
[721b26db loop 4] job 0001  file html  https://doc.rust-lang.org/std/intrinsics/fn.fadd_fast.html  +3 links
[721b26db loop 2] job 0001  file html  https://doc.rust-lang.org/std/intrinsics/fn.expf32.html  +4 links
[721b26db loop 8] job 0001  file html  https://doc.rust-lang.org/std/intrinsics/fn.fadd_algebraic.html  +7 links
[721b26db loop 6] job 0001  file html  https://doc.rust-lang.org/std/intrinsics/fn.fdiv_algebraic.html  +7 links
[721b26db loop 7] job 0001  file html  https://doc.rust-lang.org/std/intrinsics/fn.fdiv_fast.html  +3 links
[721b26db loop 1] job 0001  file html  https://doc.rust-lang.org/std/intrinsics/fn.field_offset.html  +6 links
[721b26db loop 0] job 0001  file html  https://doc.rust-lang.org/std/intrinsics/fn.field_representing_type_actual_type_id.html  +6 links
[721b26db loop 3] job 0001  file html  https://doc.rust-lang.org/std/intrinsics/fn.field_representing_type_name.html  +7 links
[721b26db loop 5] job 0001  file html  https://doc.rust-lang.org/std/intrinsics/fn.field_representing_type_offset.html  +7 links
[721b26db loop 9] job 0001  file html  https://doc.rust-lang.org/std/intrinsics/fn.float_to_int_unchecked.html  +6 links
[721b26db loop 4] job 0001  file html  https://doc.rust-lang.org/std/intrinsics/fn.floorf128.html  +4 links
[721b26db loop 8] job 0001  file html  https://doc.rust-lang.org/std/intrinsics/fn.floorf32.html  +4 links
[721b26db loop 2] job 0001  file html  https://doc.rust-lang.org/std/intrinsics/fn.floorf16.html  +4 links
[721b26db loop 6] job 0001  file html  https://doc.rust-lang.org/std/intrinsics/fn.floorf64.html  +4 links
[721b26db loop 7] job 0001  file html  https://doc.rust-lang.org/std/intrinsics/fn.fmaf128.html  +4 links
[721b26db loop 1] job 0001  file html  https://doc.rust-lang.org/std/intrinsics/fn.fmaf16.html  +4 links
[721b26db loop 0] job 0001  file html  https://doc.rust-lang.org/std/intrinsics/fn.fmaf32.html  +4 links
[721b26db loop 3] job 0001  file html  https://doc.rust-lang.org/std/intrinsics/fn.fmaf64.html  +4 links
[721b26db loop 5] job 0001  file html  https://doc.rust-lang.org/std/intrinsics/fn.fmul_algebraic.html  +7 links
[721b26db loop 9] job 0001  file html  https://doc.rust-lang.org/std/intrinsics/fn.fmul_fast.html  +3 links
[721b26db loop 4] job 0001  file html  https://doc.rust-lang.org/std/intrinsics/fn.fmuladdf128.html  +4 links
[721b26db loop 6] job 0001  file html  https://doc.rust-lang.org/std/intrinsics/fn.fmuladdf64.html  +4 links
[721b26db loop 7] job 0001  file html  https://doc.rust-lang.org/std/intrinsics/fn.forget.html  +5 links
[721b26db loop 8] job 0001  file html  https://doc.rust-lang.org/std/intrinsics/fn.fmuladdf16.html  +4 links
[721b26db loop 2] job 0001  file html  https://doc.rust-lang.org/std/intrinsics/fn.fmuladdf32.html  +4 links
[721b26db loop 1] job 0001  file html  https://doc.rust-lang.org/std/intrinsics/fn.frem_algebraic.html  +7 links
[721b26db loop 0] job 0001  file html  https://doc.rust-lang.org/std/intrinsics/fn.frem_fast.html  +3 links
[721b26db loop 3] job 0001  file html  https://doc.rust-lang.org/std/intrinsics/fn.fsub_algebraic.html  +7 links
[721b26db loop 5] job 0001  file html  https://doc.rust-lang.org/std/intrinsics/fn.fsub_fast.html  +3 links
[721b26db loop 6] job 0001  file html  https://doc.rust-lang.org/std/intrinsics/fn.log10f128.html  +4 links
[721b26db loop 7] job 0001  file html  https://doc.rust-lang.org/std/intrinsics/fn.log10f16.html  +4 links
[721b26db loop 4] job 0001  file html  https://doc.rust-lang.org/std/intrinsics/fn.likely.html  +4 links
[721b26db loop 9] job 0001  file html  https://doc.rust-lang.org/std/intrinsics/fn.is_val_statically_known.html  +5 links
[721b26db loop 2] job 0001  file html  https://doc.rust-lang.org/std/intrinsics/fn.log10f64.html  +4 links
[721b26db loop 8] job 0001  file html  https://doc.rust-lang.org/std/intrinsics/fn.log10f32.html  +4 links
[721b26db loop 1] job 0001  file html  https://doc.rust-lang.org/std/intrinsics/fn.log2f128.html  +4 links
[721b26db loop 0] job 0001  file html  https://doc.rust-lang.org/std/intrinsics/fn.log2f16.html  +4 links
[721b26db loop 5] job 0001  file html  https://doc.rust-lang.org/std/intrinsics/fn.log2f64.html  +4 links
[721b26db loop 3] job 0001  file html  https://doc.rust-lang.org/std/intrinsics/fn.log2f32.html  +4 links
[721b26db loop 7] job 0001  file html  https://doc.rust-lang.org/std/intrinsics/fn.logf16.html  +4 links
[721b26db loop 6] job 0001  file html  https://doc.rust-lang.org/std/intrinsics/fn.logf128.html  +4 links
[721b26db loop 9] job 0001  file html  https://doc.rust-lang.org/std/intrinsics/fn.logf64.html  +4 links
[721b26db loop 2] job 0001  file html  https://doc.rust-lang.org/std/intrinsics/fn.maximum_number_nsz_f128.html  +4 links
[721b26db loop 4] job 0001  file html  https://doc.rust-lang.org/std/intrinsics/fn.logf32.html  +4 links
[721b26db loop 8] job 0001  file html  https://doc.rust-lang.org/std/intrinsics/fn.maximum_number_nsz_f16.html  +4 links
[721b26db loop 1] job 0001  file html  https://doc.rust-lang.org/std/intrinsics/fn.maximum_number_nsz_f32.html  +4 links
[721b26db loop 0] job 0001  file html  https://doc.rust-lang.org/std/intrinsics/fn.maximum_number_nsz_f64.html  +4 links
[721b26db loop 9] job 0001  file html  https://doc.rust-lang.org/std/intrinsics/fn.minimum_number_nsz_f128.html  +4 links
[721b26db loop 5] job 0001  file html  https://doc.rust-lang.org/std/intrinsics/fn.maximumf128.html  +4 links
[721b26db loop 3] job 0001  file html  https://doc.rust-lang.org/std/intrinsics/fn.maximumf16.html  +4 links
[721b26db loop 6] job 0001  file html  https://doc.rust-lang.org/std/intrinsics/fn.maximumf64.html  +4 links
[721b26db loop 7] job 0001  file html  https://doc.rust-lang.org/std/intrinsics/fn.maximumf32.html  +4 links
[721b26db loop 2] job 0001  file html  https://doc.rust-lang.org/std/intrinsics/fn.minimum_number_nsz_f16.html  +4 links
[721b26db loop 4] job 0001  file html  https://doc.rust-lang.org/std/intrinsics/fn.minimum_number_nsz_f32.html  +4 links
[721b26db loop 8] job 0001  file html  https://doc.rust-lang.org/std/intrinsics/fn.minimum_number_nsz_f64.html  +4 links
[721b26db loop 0] job 0001  file html  https://doc.rust-lang.org/std/intrinsics/fn.minimumf128.html  +4 links
[721b26db loop 1] job 0001  file html  https://doc.rust-lang.org/std/intrinsics/fn.minimumf16.html  +4 links
[721b26db loop 9] job 0001  file html  https://doc.rust-lang.org/std/intrinsics/fn.minimumf32.html  +4 links
[721b26db loop 5] job 0001  file html  https://doc.rust-lang.org/std/intrinsics/fn.minimumf64.html  +4 links
[721b26db loop 3] job 0001  file html  https://doc.rust-lang.org/std/intrinsics/mir/fn.Assume.html  +5 links
[721b26db loop 7] job 0001  file html  https://doc.rust-lang.org/std/intrinsics/mir/fn.CastPtrToPtr.html  +4 links
[721b26db loop 6] job 0001  file html  https://doc.rust-lang.org/std/intrinsics/mir/fn.Call.html  +11 links
[721b26db loop 4] job 0001  file html  https://doc.rust-lang.org/std/intrinsics/mir/fn.Checked.html  +5 links
[721b26db loop 2] job 0001  file html  https://doc.rust-lang.org/std/intrinsics/mir/fn.Discriminant.html  +5 links
[721b26db loop 8] job 0001  file html  https://doc.rust-lang.org/std/intrinsics/mir/fn.Drop.html  +10 links
[721b26db loop 0] job 0001  file html  https://doc.rust-lang.org/std/intrinsics/mir/fn.Field.html  +8 links
[721b26db loop 1] job 0001  file html  https://doc.rust-lang.org/std/intrinsics/mir/fn.Goto.html  +5 links
[721b26db loop 9] job 0001  file html  https://doc.rust-lang.org/std/intrinsics/mir/fn.Move.html  +4 links
[721b26db loop 5] job 0001  file html  https://doc.rust-lang.org/std/intrinsics/mir/fn.Offset.html  +4 links
[721b26db loop 7] job 0001  file html  https://doc.rust-lang.org/std/intrinsics/mir/fn.Return.html  +5 links
[721b26db loop 6] job 0001  file html  https://doc.rust-lang.org/std/intrinsics/mir/fn.ReturnTo.html  +6 links
[721b26db loop 3] job 0001  file html  https://doc.rust-lang.org/std/intrinsics/mir/fn.PtrMetadata.html  +7 links
[721b26db loop 2] job 0001  file html  https://doc.rust-lang.org/std/intrinsics/mir/fn.Static.html  +5 links
[721b26db loop 4] job 0001  file html  https://doc.rust-lang.org/std/intrinsics/mir/fn.SetDiscriminant.html  +5 links
[721b26db loop 8] job 0001  file html  https://doc.rust-lang.org/std/intrinsics/mir/fn.StaticMut.html  +5 links
[721b26db loop 0] job 0001  file html  https://doc.rust-lang.org/std/intrinsics/mir/fn.StorageDead.html  +4 links
[721b26db loop 1] job 0001  file html  https://doc.rust-lang.org/std/intrinsics/mir/fn.StorageLive.html  +4 links
[721b26db loop 9] job 0001  file html  https://doc.rust-lang.org/std/intrinsics/mir/fn.TailCall.html  +4 links
[721b26db loop 5] job 0001  file html  https://doc.rust-lang.org/std/intrinsics/mir/fn.Unreachable.html  +5 links
[721b26db loop 3] job 0001  file html  https://doc.rust-lang.org/std/intrinsics/mir/fn.UnwindResume.html  +4 links
[721b26db loop 2] job 0001  file html  https://doc.rust-lang.org/std/intrinsics/mir/fn.UnwindTerminate.html  +6 links
[721b26db loop 6] job 0001  file html  https://doc.rust-lang.org/std/intrinsics/mir/fn.UnwindContinue.html  +5 links
[721b26db loop 7] job 0001  file html  https://doc.rust-lang.org/std/intrinsics/mir/fn.UnwindCleanup.html  +6 links
[721b26db loop 4] job 0001  file html  https://doc.rust-lang.org/std/intrinsics/mir/fn.UnwindUnreachable.html  +5 links
[721b26db loop 8] job 0001  file html  https://doc.rust-lang.org/std/intrinsics/mir/fn.Variant.html  +6 links
[721b26db loop 0] job 0001  file html  https://doc.rust-lang.org/std/intrinsics/fn.mul_with_overflow.html  +6 links
[721b26db loop 1] job 0001  file html  https://doc.rust-lang.org/std/intrinsics/fn.needs_drop.html  +6 links
[721b26db loop 5] job 0001  file html  https://doc.rust-lang.org/std/intrinsics/fn.non_exhaustive.html  +5 links
[721b26db loop 3] job 0001  file html  https://doc.rust-lang.org/std/intrinsics/fn.nontemporal_store.html  +4 links
[721b26db loop 6] job 0001  file html  https://doc.rust-lang.org/std/intrinsics/fn.offset.html  +4 links
[721b26db loop 9] job 0001  file html  https://doc.rust-lang.org/std/intrinsics/fn.offset_of.html  +7 links
[721b26db loop 2] job 0001  file html  https://doc.rust-lang.org/std/intrinsics/fn.offload.html  +6 links
[721b26db loop 4] job 0001  file html  https://doc.rust-lang.org/std/intrinsics/fn.powf128.html  +4 links
[721b26db loop 0] job 0001  file html  https://doc.rust-lang.org/std/intrinsics/fn.powf32.html  +4 links
[721b26db loop 7] job 0001  file html  https://doc.rust-lang.org/std/intrinsics/fn.overflow_checks.html  +4 links
[721b26db loop 8] job 0001  file html  https://doc.rust-lang.org/std/intrinsics/fn.powf16.html  +4 links
[721b26db loop 1] job 0001  file html  https://doc.rust-lang.org/std/intrinsics/fn.powf64.html  +4 links
[721b26db loop 5] job 0001  file html  https://doc.rust-lang.org/std/intrinsics/fn.powif128.html  +5 links
[721b26db loop 3] job 0001  file html  https://doc.rust-lang.org/std/intrinsics/fn.powif16.html  +5 links
[721b26db loop 6] job 0001  file html  https://doc.rust-lang.org/std/intrinsics/fn.powif32.html  +5 links
[721b26db loop 9] job 0001  file html  https://doc.rust-lang.org/std/intrinsics/fn.powif64.html  +5 links
[721b26db loop 2] job 0001  file html  https://doc.rust-lang.org/std/intrinsics/fn.prefetch_read_data.html  +5 links
[721b26db loop 0] job 0001  file html  https://doc.rust-lang.org/std/intrinsics/fn.prefetch_write_data.html  +5 links
[721b26db loop 4] job 0001  file html  https://doc.rust-lang.org/std/intrinsics/fn.prefetch_read_instruction.html  +5 links
[721b26db loop 8] job 0001  file html  https://doc.rust-lang.org/std/intrinsics/fn.ptr_guaranteed_cmp.html  +5 links
[721b26db loop 1] job 0001  file html  https://doc.rust-lang.org/std/intrinsics/fn.ptr_mask.html  +5 links
[721b26db loop 7] job 0001  file html  https://doc.rust-lang.org/std/intrinsics/fn.prefetch_write_instruction.html  +5 links
[721b26db loop 3] job 0001  file html  https://doc.rust-lang.org/std/intrinsics/fn.ptr_offset_from.html  +5 links
[721b26db loop 6] job 0001  file html  https://doc.rust-lang.org/std/intrinsics/fn.ptr_offset_from_unsigned.html  +5 links
[721b26db loop 2] job 0001  file html  https://doc.rust-lang.org/std/intrinsics/fn.read_via_copy.html  +5 links
[721b26db loop 5] job 0001  file html  https://doc.rust-lang.org/std/intrinsics/fn.ptr_metadata.html  +6 links
[721b26db loop 9] job 0001  file html  https://doc.rust-lang.org/std/intrinsics/fn.raw_eq.html  +5 links
[721b26db loop 0] job 0001  file html  https://doc.rust-lang.org/std/intrinsics/fn.rotate_left.html  +5 links
[721b26db loop 4] job 0001  file html  https://doc.rust-lang.org/std/intrinsics/fn.rotate_right.html  +5 links
[721b26db loop 8] job 0001  file html  https://doc.rust-lang.org/std/intrinsics/fn.round_ties_even_f128.html  +4 links
[721b26db loop 1] job 0001  file html  https://doc.rust-lang.org/std/intrinsics/fn.round_ties_even_f16.html  +4 links
[721b26db loop 3] job 0001  file html  https://doc.rust-lang.org/std/intrinsics/fn.round_ties_even_f64.html  +4 links
[721b26db loop 6] job 0001  file html  https://doc.rust-lang.org/std/intrinsics/fn.roundf128.html  +4 links
[721b26db loop 7] job 0001  file html  https://doc.rust-lang.org/std/intrinsics/fn.round_ties_even_f32.html  +4 links
[721b26db loop 2] job 0001  file html  https://doc.rust-lang.org/std/intrinsics/fn.roundf16.html  +4 links
[721b26db loop 5] job 0001  file html  https://doc.rust-lang.org/std/intrinsics/fn.roundf32.html  +4 links
[721b26db loop 9] job 0001  file html  https://doc.rust-lang.org/std/intrinsics/fn.roundf64.html  +4 links
[721b26db loop 0] job 0001  file html  https://doc.rust-lang.org/std/intrinsics/fn.rustc_peek.html  +3 links
[721b26db loop 4] job 0001  file html  https://doc.rust-lang.org/std/intrinsics/fn.saturating_add.html  +5 links
[721b26db loop 8] job 0001  file html  https://doc.rust-lang.org/std/intrinsics/fn.saturating_sub.html  +5 links
[721b26db loop 1] job 0001  file html  https://doc.rust-lang.org/std/intrinsics/fn.select_unpredictable.html  +5 links
[721b26db loop 3] job 0001  file html  https://doc.rust-lang.org/std/intrinsics/simd/scalable/fn.sve_tuple_create2.html  +5 links
[721b26db loop 7] job 0001  file html  https://doc.rust-lang.org/std/intrinsics/simd/scalable/fn.sve_tuple_create4.html  +5 links
[721b26db loop 6] job 0001  file html  https://doc.rust-lang.org/std/intrinsics/simd/scalable/fn.sve_tuple_create3.html  +5 links
[721b26db loop 5] job 0001  file html  https://doc.rust-lang.org/std/intrinsics/simd/scalable/fn.sve_tuple_set.html  +6 links
[721b26db loop 2] job 0001  file html  https://doc.rust-lang.org/std/intrinsics/simd/scalable/fn.sve_tuple_get.html  +6 links
[721b26db loop 9] job 0001  file html  https://doc.rust-lang.org/std/intrinsics/simd/fn.simd_add.html  +4 links
[721b26db loop 0] job 0001  file html  https://doc.rust-lang.org/std/intrinsics/simd/fn.simd_and.html  +4 links
[721b26db loop 4] job 0001  file html  https://doc.rust-lang.org/std/intrinsics/simd/fn.simd_arith_offset.html  +4 links
[721b26db loop 8] job 0001  file html  https://doc.rust-lang.org/std/intrinsics/simd/fn.simd_as.html  +4 links
[721b26db loop 1] job 0001  file html  https://doc.rust-lang.org/std/intrinsics/simd/fn.simd_bitmask.html  +4 links
[721b26db loop 3] job 0001  file html  https://doc.rust-lang.org/std/intrinsics/simd/fn.simd_bitreverse.html  +4 links
[721b26db loop 6] job 0001  file html  https://doc.rust-lang.org/std/intrinsics/simd/fn.simd_carryless_mul.html  +4 links
[721b26db loop 5] job 0001  file html  https://doc.rust-lang.org/std/intrinsics/simd/fn.simd_cast.html  +4 links
[721b26db loop 9] job 0001  file html  https://doc.rust-lang.org/std/intrinsics/simd/fn.simd_ceil.html  +4 links
[721b26db loop 7] job 0001  file html  https://doc.rust-lang.org/std/intrinsics/simd/fn.simd_bswap.html  +4 links
[721b26db loop 2] job 0001  file html  https://doc.rust-lang.org/std/intrinsics/simd/fn.simd_cast_ptr.html  +4 links
[721b26db loop 0] job 0001  file html  https://doc.rust-lang.org/std/intrinsics/simd/fn.simd_ctlz.html  +4 links
[721b26db loop 4] job 0001  file html  https://doc.rust-lang.org/std/intrinsics/simd/fn.simd_ctpop.html  +4 links
[721b26db loop 8] job 0001  file html  https://doc.rust-lang.org/std/intrinsics/simd/fn.simd_cttz.html  +4 links
[721b26db loop 1] job 0001  file html  https://doc.rust-lang.org/std/intrinsics/simd/fn.simd_div.html  +4 links
[721b26db loop 6] job 0001  file html  https://doc.rust-lang.org/std/intrinsics/simd/fn.simd_expose_provenance.html  +4 links
[721b26db loop 7] job 0001  file html  https://doc.rust-lang.org/std/intrinsics/simd/fn.simd_fabs.html  +4 links
[721b26db loop 2] job 0001  file html  https://doc.rust-lang.org/std/intrinsics/simd/fn.simd_fcos.html  +4 links
[721b26db loop 3] job 0001  file html  https://doc.rust-lang.org/std/intrinsics/simd/fn.simd_eq.html  +4 links
[721b26db loop 5] job 0001  file html  https://doc.rust-lang.org/std/intrinsics/simd/fn.simd_extract.html  +5 links
[721b26db loop 9] job 0001  file html  https://doc.rust-lang.org/std/intrinsics/simd/fn.simd_extract_dyn.html  +6 links
[721b26db loop 0] job 0001  file html  https://doc.rust-lang.org/std/intrinsics/simd/fn.simd_fexp.html  +4 links
[721b26db loop 4] job 0001  file html  https://doc.rust-lang.org/std/intrinsics/simd/fn.simd_fexp2.html  +4 links
[721b26db loop 1] job 0001  file html  https://doc.rust-lang.org/std/intrinsics/simd/fn.simd_flog10.html  +4 links
[721b26db loop 8] job 0001  file html  https://doc.rust-lang.org/std/intrinsics/simd/fn.simd_flog.html  +4 links
[721b26db loop 6] job 0001  file html  https://doc.rust-lang.org/std/intrinsics/simd/fn.simd_flog2.html  +4 links
[721b26db loop 7] job 0001  file html  https://doc.rust-lang.org/std/intrinsics/simd/fn.simd_floor.html  +4 links
[721b26db loop 2] job 0001  file html  https://doc.rust-lang.org/std/intrinsics/simd/fn.simd_fma.html  +4 links
[721b26db loop 0] job 0001  file html  https://doc.rust-lang.org/std/intrinsics/simd/fn.simd_funnel_shr.html  +4 links
[721b26db loop 9] job 0001  file html  https://doc.rust-lang.org/std/intrinsics/simd/fn.simd_funnel_shl.html  +4 links
[721b26db loop 5] job 0001  file html  https://doc.rust-lang.org/std/intrinsics/simd/fn.simd_fsqrt.html  +4 links
[721b26db loop 3] job 0001  file html  https://doc.rust-lang.org/std/intrinsics/simd/fn.simd_fsin.html  +4 links
[721b26db loop 4] job 0001  file html  https://doc.rust-lang.org/std/intrinsics/simd/fn.simd_gather.html  +5 links
[721b26db loop 1] job 0001  file html  https://doc.rust-lang.org/std/intrinsics/simd/fn.simd_ge.html  +4 links
[721b26db loop 8] job 0001  file html  https://doc.rust-lang.org/std/intrinsics/simd/fn.simd_gt.html  +4 links
[721b26db loop 6] job 0001  file html  https://doc.rust-lang.org/std/intrinsics/simd/fn.simd_insert.html  +5 links
[721b26db loop 2] job 0001  file html  https://doc.rust-lang.org/std/intrinsics/simd/fn.simd_insert_dyn.html  +6 links
[721b26db loop 9] job 0001  file html  https://doc.rust-lang.org/std/intrinsics/simd/fn.simd_le.html  +4 links
[721b26db loop 5] job 0001  file html  https://doc.rust-lang.org/std/intrinsics/simd/fn.simd_lt.html  +4 links
[721b26db loop 7] job 0001  file html  https://doc.rust-lang.org/std/intrinsics/simd/fn.simd_masked_store.html  +6 links
[721b26db loop 0] job 0001  file html  https://doc.rust-lang.org/std/intrinsics/simd/fn.simd_maximum_number_nsz.html  +4 links
[721b26db loop 3] job 0001  file html  https://doc.rust-lang.org/std/intrinsics/simd/fn.simd_masked_load.html  +6 links
[721b26db loop 1] job 0001  file html  https://doc.rust-lang.org/std/intrinsics/simd/fn.simd_minimum_number_nsz.html  +4 links
[721b26db loop 8] job 0001  file html  https://doc.rust-lang.org/std/intrinsics/simd/fn.simd_mul.html  +4 links
[721b26db loop 4] job 0001  file html  https://doc.rust-lang.org/std/intrinsics/simd/fn.simd_ne.html  +4 links
[721b26db loop 6] job 0001  file html  https://doc.rust-lang.org/std/intrinsics/simd/fn.simd_neg.html  +4 links
[721b26db loop 9] job 0001  file html  https://doc.rust-lang.org/std/intrinsics/simd/fn.simd_reduce_add_ordered.html  +4 links
[721b26db loop 2] job 0001  file html  https://doc.rust-lang.org/std/intrinsics/simd/fn.simd_or.html  +4 links
[721b26db loop 7] job 0001  file html  https://doc.rust-lang.org/std/intrinsics/simd/fn.simd_reduce_all.html  +5 links
[721b26db loop 3] job 0001  file html  https://doc.rust-lang.org/std/intrinsics/simd/fn.simd_reduce_any.html  +5 links
[721b26db loop 0] job 0001  file html  https://doc.rust-lang.org/std/intrinsics/simd/fn.simd_reduce_and.html  +4 links
[721b26db loop 5] job 0001  file html  https://doc.rust-lang.org/std/intrinsics/simd/fn.simd_reduce_add_unordered.html  +4 links
[721b26db loop 1] job 0001  file html  https://doc.rust-lang.org/std/intrinsics/simd/fn.simd_reduce_max.html  +4 links
[721b26db loop 8] job 0001  file html  https://doc.rust-lang.org/std/intrinsics/simd/fn.simd_reduce_min.html  +4 links
[721b26db loop 6] job 0001  file html  https://doc.rust-lang.org/std/intrinsics/simd/fn.simd_reduce_mul_unordered.html  +4 links
[721b26db loop 4] job 0001  file html  https://doc.rust-lang.org/std/intrinsics/simd/fn.simd_reduce_mul_ordered.html  +4 links
[721b26db loop 9] job 0001  file html  https://doc.rust-lang.org/std/intrinsics/simd/fn.simd_reduce_or.html  +4 links
[721b26db loop 2] job 0001  file html  https://doc.rust-lang.org/std/intrinsics/simd/fn.simd_reduce_xor.html  +4 links
[721b26db loop 7] job 0001  file html  https://doc.rust-lang.org/std/intrinsics/simd/fn.simd_relaxed_fma.html  +4 links
[721b26db loop 0] job 0001  file html  https://doc.rust-lang.org/std/intrinsics/simd/fn.simd_round.html  +4 links
[721b26db loop 3] job 0001  file html  https://doc.rust-lang.org/std/intrinsics/simd/fn.simd_rem.html  +4 links
[721b26db loop 5] job 0001  file html  https://doc.rust-lang.org/std/intrinsics/simd/fn.simd_round_ties_even.html  +4 links
[721b26db loop 1] job 0001  file html  https://doc.rust-lang.org/std/intrinsics/simd/fn.simd_saturating_add.html  +4 links
[721b26db loop 4] job 0001  file html  https://doc.rust-lang.org/std/intrinsics/simd/fn.simd_select.html  +4 links
[721b26db loop 8] job 0001  file html  https://doc.rust-lang.org/std/intrinsics/simd/fn.simd_saturating_sub.html  +4 links
[721b26db loop 6] job 0001  file html  https://doc.rust-lang.org/std/intrinsics/simd/fn.simd_scatter.html  +5 links
[721b26db loop 9] job 0001  file html  https://doc.rust-lang.org/std/intrinsics/simd/fn.simd_select_bitmask.html  +4 links
[721b26db loop 2] job 0001  file html  https://doc.rust-lang.org/std/intrinsics/simd/fn.simd_shl.html  +4 links
[721b26db loop 7] job 0001  file html  https://doc.rust-lang.org/std/intrinsics/simd/fn.simd_shr.html  +4 links
[721b26db loop 0] job 0001  file html  https://doc.rust-lang.org/std/intrinsics/simd/fn.simd_shuffle.html  +4 links
[721b26db loop 5] job 0001  file html  https://doc.rust-lang.org/std/intrinsics/simd/fn.simd_sub.html  +4 links
[721b26db loop 3] job 0001  file html  https://doc.rust-lang.org/std/intrinsics/simd/fn.simd_splat.html  +4 links
[721b26db loop 1] job 0001  file html  https://doc.rust-lang.org/std/intrinsics/simd/fn.simd_trunc.html  +4 links
[721b26db loop 4] job 0001  file html  https://doc.rust-lang.org/std/intrinsics/simd/fn.simd_with_exposed_provenance.html  +4 links
[721b26db loop 8] job 0001  file html  https://doc.rust-lang.org/std/intrinsics/simd/fn.simd_xor.html  +4 links
[721b26db loop 6] job 0001  file html  https://doc.rust-lang.org/std/intrinsics/fn.sinf128.html  +4 links
[721b26db loop 7] job 0001  file html  https://doc.rust-lang.org/std/intrinsics/fn.size_of_val.html  +8 links
[721b26db loop 2] job 0001  file html  https://doc.rust-lang.org/std/intrinsics/fn.slice_get_unchecked.html  +5 links
[721b26db loop 5] job 0001  file html  https://doc.rust-lang.org/std/intrinsics/fn.sqrtf16.html  +4 links
[721b26db loop 9] job 0001  file html  https://doc.rust-lang.org/std/intrinsics/fn.size_of_type_id.html  +6 links
[721b26db loop 0] job 0001  file html  https://doc.rust-lang.org/std/intrinsics/fn.sqrtf128.html  +4 links
[721b26db loop 1] job 0001  file html  https://doc.rust-lang.org/std/intrinsics/fn.sqrtf32.html  +4 links
[721b26db loop 4] job 0001  file html  https://doc.rust-lang.org/std/intrinsics/fn.sqrtf64.html  +4 links
[721b26db loop 3] job 0001  file html  https://doc.rust-lang.org/std/intrinsics/fn.sub_with_overflow.html  +6 links
[721b26db loop 8] job 0001  file html  https://doc.rust-lang.org/std/intrinsics/fn.three_way_compare.html  +6 links
[721b26db loop 6] job 0001  file html  https://doc.rust-lang.org/std/intrinsics/fn.transmute.html  +6 links
[721b26db loop 7] job 0001  file html  https://doc.rust-lang.org/std/intrinsics/fn.transmute_unchecked.html  +4 links
[721b26db loop 2] job 0001  file html  https://doc.rust-lang.org/std/intrinsics/fn.truncf128.html  +4 links
[721b26db loop 5] job 0001  file html  https://doc.rust-lang.org/std/intrinsics/fn.truncf16.html  +4 links
[721b26db loop 0] job 0001  file html  https://doc.rust-lang.org/std/intrinsics/fn.truncf64.html  +4 links
[721b26db loop 1] job 0001  file html  https://doc.rust-lang.org/std/intrinsics/fn.type_id.html  +5 links
[721b26db loop 4] job 0001  file html  https://doc.rust-lang.org/std/intrinsics/fn.type_id_eq.html  +6 links
[721b26db loop 3] job 0001  file html  https://doc.rust-lang.org/std/intrinsics/fn.type_id_field_representing_type.html  +6 links
[721b26db loop 9] job 0001  file html  https://doc.rust-lang.org/std/intrinsics/fn.truncf32.html  +4 links
[721b26db loop 8] job 0001  file html  https://doc.rust-lang.org/std/intrinsics/fn.type_id_fields.html  +5 links
[721b26db loop 6] job 0001  file html  https://doc.rust-lang.org/std/intrinsics/fn.type_id_generics.html  +5 links
[721b26db loop 7] job 0001  file html  https://doc.rust-lang.org/std/intrinsics/fn.type_id_is_signed.html  +5 links
[721b26db loop 2] job 0001  file html  https://doc.rust-lang.org/std/intrinsics/fn.type_id_variants.html  +5 links
[721b26db loop 5] job 0001  file html  https://doc.rust-lang.org/std/intrinsics/fn.type_id_vtable.html  +8 links
[721b26db loop 0] job 0001  file html  https://doc.rust-lang.org/std/intrinsics/fn.type_name.html  +6 links
[721b26db loop 1] job 0001  file html  https://doc.rust-lang.org/std/intrinsics/fn.type_of.html  +5 links
[721b26db loop 4] job 0001  file html  https://doc.rust-lang.org/std/intrinsics/fn.typed_swap_nonoverlapping.html  +6 links
[721b26db loop 3] job 0001  file html  https://doc.rust-lang.org/std/intrinsics/fn.ub_checks.html  +4 links
[721b26db loop 9] job 0001  file html  https://doc.rust-lang.org/std/intrinsics/fn.unaligned_volatile_load.html  +4 links
[721b26db loop 8] job 0001  file html  https://doc.rust-lang.org/std/intrinsics/fn.unaligned_volatile_store.html  +4 links
[721b26db loop 6] job 0001  file html  https://doc.rust-lang.org/std/intrinsics/fn.unchecked_add.html  +6 links
[721b26db loop 7] job 0001  file html  https://doc.rust-lang.org/std/intrinsics/fn.unchecked_div.html  +5 links
[721b26db loop 2] job 0001  file html  https://doc.rust-lang.org/std/intrinsics/fn.unchecked_sub.html  +6 links
[721b26db loop 5] job 0001  file html  https://doc.rust-lang.org/std/intrinsics/fn.unlikely.html  +4 links
[721b26db loop 0] job 0001  file html  https://doc.rust-lang.org/std/intrinsics/fn.unreachable.html  +5 links
[721b26db loop 1] job 0001  file html  https://doc.rust-lang.org/std/intrinsics/fn.va_arg.html  +5 links
[721b26db loop 3] job 0001  file html  https://doc.rust-lang.org/std/intrinsics/fn.va_end.html  +4 links
[721b26db loop 4] job 0001  file html  https://doc.rust-lang.org/std/intrinsics/fn.va_copy.html  +4 links
[721b26db loop 9] job 0001  file html  https://doc.rust-lang.org/std/intrinsics/fn.variant_count.html  +5 links
[721b26db loop 6] job 0001  file html  https://doc.rust-lang.org/std/intrinsics/fn.volatile_copy_nonoverlapping_memory.html  +6 links
[721b26db loop 8] job 0001  file html  https://doc.rust-lang.org/std/intrinsics/fn.volatile_copy_memory.html  +5 links
[721b26db loop 7] job 0001  file html  https://doc.rust-lang.org/std/intrinsics/fn.vtable_size.html  +6 links
[721b26db loop 1] job 0001  file html  https://doc.rust-lang.org/std/io/fn.stderr.html  +4 links
[721b26db loop 4] job 0001  file html  https://doc.rust-lang.org/std/iter/fn.empty.html  +4 links
[721b26db loop 9] job 0001  file html  https://doc.rust-lang.org/std/iter/fn.from_coroutine.html  +8 links
[721b26db loop 2] job 0001  file html  https://doc.rust-lang.org/std/intrinsics/fn.write_bytes.html  +7 links
[721b26db loop 0] job 0001  file html  https://doc.rust-lang.org/std/io/fn.read_to_string.html  +8 links
[721b26db loop 3] job 0001  file html  https://doc.rust-lang.org/std/iter/fn.chain.html  +6 links
[721b26db loop 5] job 0001  file html  https://doc.rust-lang.org/std/io/fn.empty.html  +7 links
[721b26db loop 6] job 0001  file html  https://doc.rust-lang.org/std/iter/fn.from_fn.html  +9 links
[721b26db loop 8] job 0001  file html  https://doc.rust-lang.org/std/iter/fn.once.html  +5 links
[721b26db loop 7] job 0001  file html  https://doc.rust-lang.org/std/iter/fn.once_with.html  +7 links
[721b26db loop 1] job 0001  file html  https://doc.rust-lang.org/std/iter/fn.successors.html  +8 links
[721b26db loop 4] job 0001  file html  https://doc.rust-lang.org/std/mem/fn.align_of.html  +4 links
[721b26db loop 9] job 0001  file html  https://doc.rust-lang.org/std/mem/fn.conjure_zst.html  +9 links
[721b26db loop 2] job 0001  file html  https://doc.rust-lang.org/std/mem/fn.copy.html  +5 links
[721b26db loop 6] job 0001  file html  https://doc.rust-lang.org/std/mem/fn.replace.html  +7 links
[721b26db loop 5] job 0001  file html  https://doc.rust-lang.org/std/mem/fn.min_align_of_val.html  +6 links
[721b26db loop 0] job 0001  file html  https://doc.rust-lang.org/std/mem/fn.discriminant.html  +7 links
[721b26db loop 3] job 0001  file html  https://doc.rust-lang.org/std/mem/fn.forget_unsized.html  +5 links
[721b26db loop 8] job 0001  file html  https://doc.rust-lang.org/std/mem/fn.size_of_val.html  +8 links
[721b26db loop 7] job 0001  file html  https://doc.rust-lang.org/std/mem/fn.swap.html  +6 links
[721b26db loop 1] job 0001  file html  https://doc.rust-lang.org/std/mem/fn.transmute_copy.html  +8 links
[721b26db loop 4] job 0001  file html  https://doc.rust-lang.org/std/mem/fn.uninitialized.html  +4 links
[721b26db loop 2] job 0001  file html  https://doc.rust-lang.org/std/mem/fn.zeroed.html  +4 links
[721b26db loop 9] job 0001  file html  https://doc.rust-lang.org/std/mem/fn.variant_count.html  +4 links
[721b26db loop 6] job 0001  file html  https://doc.rust-lang.org/std/os/unix/fs/fn.fchown.html  +11 links
[721b26db loop 5] job 0001  file html  https://doc.rust-lang.org/std/os/unix/fs/fn.lchown.html  +12 links
[721b26db loop 0] job 0001  file html  https://doc.rust-lang.org/std/os/unix/fs/fn.symlink.html  +9 links
[721b26db loop 8] job 0001  file html  https://doc.rust-lang.org/std/os/unix/xdg/fn.config_dirs.html  +7 links
[721b26db loop 3] job 0001  file html  https://doc.rust-lang.org/std/os/unix/xdg/fn.cache_home_dir.html  +6 links
[721b26db loop 4] job 0001  file html  https://doc.rust-lang.org/std/os/wasi/fs/fn.symlink_path.html  +9 links
[721b26db loop 7] job 0001  file html  https://doc.rust-lang.org/std/os/unix/xdg/fn.config_home_dir.html  +6 links
[721b26db loop 2] job 0001  file html  https://doc.rust-lang.org/std/os/windows/fs/fn.junction_point.html  +9 links
[721b26db loop 1] job 0001  file html  https://doc.rust-lang.org/std/os/unix/xdg/fn.state_home_dir.html  +6 links
[721b26db loop 6] job 0001  file html  https://doc.rust-lang.org/std/os/windows/fs/fn.symlink_file.html  +11 links
[721b26db loop 5] job 0001  file html  https://doc.rust-lang.org/std/panic/fn.abort_on_unwind.html  +6 links
[721b26db loop 3] job 0001  file html  https://doc.rust-lang.org/std/panic/fn.get_backtrace_style.html  +6 links
[721b26db loop 8] job 0001  file html  https://doc.rust-lang.org/std/panic/fn.catch_unwind.html  +7 links
[721b26db loop 9] job 0001  file html  https://doc.rust-lang.org/std/os/windows/fs/fn.symlink_dir.html  +11 links
[721b26db loop 0] job 0001  file html  https://doc.rust-lang.org/std/panic/fn.always_abort.html  +3 links
[721b26db loop 4] job 0001  file html  https://doc.rust-lang.org/std/path/fn.is_separator.html  +5 links
[721b26db loop 7] job 0001  file html  https://doc.rust-lang.org/std/process/fn.abort.html  +6 links
[721b26db loop 1] job 0001  file html  https://doc.rust-lang.org/std/ptr/fn.addr_eq.html  +7 links
[721b26db loop 2] job 0001  file html  https://doc.rust-lang.org/std/process/fn.exit.html  +7 links
[721b26db loop 5] job 0001  file html  https://doc.rust-lang.org/std/ptr/fn.dangling_mut.html  +4 links
[721b26db loop 6] job 0001  file html  https://doc.rust-lang.org/std/ptr/fn.dangling.html  +4 links
[721b26db loop 8] job 0001  file html  https://doc.rust-lang.org/std/ptr/fn.from_mut.html  +6 links
[721b26db loop 9] job 0001  file html  https://doc.rust-lang.org/std/ptr/fn.from_raw_parts.html  +8 links
[721b26db loop 3] job 0001  file html  https://doc.rust-lang.org/std/ptr/fn.drop_in_place.html  +10 links
[721b26db loop 4] job 0001  file html  https://doc.rust-lang.org/std/ptr/fn.metadata.html  +6 links
[721b26db loop 0] job 0001  file html  https://doc.rust-lang.org/std/ptr/fn.hash.html  +7 links
[721b26db loop 2] job 0001  file html  https://doc.rust-lang.org/std/ptr/fn.read.html  +8 links
[721b26db loop 1] job 0001  file html  https://doc.rust-lang.org/std/ptr/fn.null_mut.html  +6 links
[721b26db loop 7] job 0001  file html  https://doc.rust-lang.org/std/ptr/fn.slice_from_raw_parts_mut.html  +8 links
[721b26db loop 5] job 0001  file html  https://doc.rust-lang.org/std/ptr/fn.swap.html  +5 links
[721b26db loop 6] job 0001  file html  https://doc.rust-lang.org/std/ptr/fn.swap_nonoverlapping.html  +5 links
[721b26db loop 9] job 0001  file html  https://doc.rust-lang.org/std/ptr/fn.with_exposed_provenance_mut.html  +5 links
[721b26db loop 3] job 0001  file html  https://doc.rust-lang.org/std/ptr/fn.write_bytes.html  +6 links
[721b26db loop 4] job 0001  file html  https://doc.rust-lang.org/std/ptr/fn.write_volatile.html  +8 links
[721b26db loop 8] job 0001  file html  https://doc.rust-lang.org/std/ptr/fn.with_exposed_provenance.html  +5 links
[721b26db loop 0] job 0001  file html  https://doc.rust-lang.org/std/simd/ptr/fn.with_exposed_provenance.html  +8 links
[721b26db loop 2] job 0001  file html  https://doc.rust-lang.org/std/simd/ptr/fn.without_provenance_mut.html  +8 links
[721b26db loop 1] job 0001  file html  https://doc.rust-lang.org/std/slice/fn.from_mut.html  +5 links
[721b26db loop 7] job 0001  file html  https://doc.rust-lang.org/std/slice/fn.from_raw_parts.html  +8 links
[721b26db loop 3] job 0001  file html  https://doc.rust-lang.org/std/str/fn.from_raw_parts.html  +9 links
[721b26db loop 5] job 0001  file html  https://doc.rust-lang.org/std/str/fn.from_raw_parts_mut.html  +9 links
[721b26db loop 9] job 0001  file html  https://doc.rust-lang.org/std/str/fn.from_boxed_utf8_unchecked.html  +6 links
[721b26db loop 4] job 0001  file html  https://doc.rust-lang.org/std/sync/atomic/fn.spin_loop_hint.html  +5 links
[721b26db loop 6] job 0001  file html  https://doc.rust-lang.org/std/slice/fn.try_range.html  +10 links
[721b26db loop 0] job 0001  file html  https://doc.rust-lang.org/std/sync/mpmc/fn.sync_channel.html  +10 links
[721b26db loop 8] job 0001  file html  https://doc.rust-lang.org/std/sync/mpmc/fn.channel.html  +9 links
[721b26db loop 1] job 0001  file html  https://doc.rust-lang.org/std/sync/mpsc/fn.sync_channel.html  +10 links
[721b26db loop 2] job 0001  file html  https://doc.rust-lang.org/std/sync/mpsc/fn.channel.html  +9 links
[721b26db loop 3] job 0001  file html  https://doc.rust-lang.org/std/thread/fn.available_parallelism.html  +6 links
[721b26db loop 7] job 0001  file html  https://doc.rust-lang.org/std/thread/fn.add_spawn_hook.html  +9 links
[721b26db loop 5] job 0001  file html  https://doc.rust-lang.org/std/thread/fn.current_id.html  +4 links
[721b26db loop 9] job 0001  file html  https://doc.rust-lang.org/std/thread/fn.panicking.html  +5 links
[721b26db loop 0] job 0001  file html  https://doc.rust-lang.org/std/thread/fn.sleep_until.html  +6 links
[721b26db loop 4] job 0001  file html  https://doc.rust-lang.org/std/thread/fn.park.html  +5 links
[721b26db loop 6] job 0001  file html  https://doc.rust-lang.org/std/thread/fn.park_timeout.html  +5 links
[721b26db loop 8] job 0001  file html  https://doc.rust-lang.org/std/thread/fn.yield_now.html  +7 links
[721b26db loop 2] job 0001  file html  https://doc.rust-lang.org/std/ffi/type.c_double.html  +6 links
[721b26db loop 1] job 0001  file html  https://doc.rust-lang.org/std/ffi/type.c_longlong.html  +6 links
[721b26db loop 0] job 0001  file html  https://doc.rust-lang.org/std/ffi/type.c_ssize_t.html  +4 links
[721b26db loop 3] job 0001  file html  https://doc.rust-lang.org/std/ffi/type.c_ptrdiff_t.html  +4 links
[721b26db loop 7] job 0001  file html  https://doc.rust-lang.org/std/ffi/type.c_schar.html  +5 links
[721b26db loop 9] job 0001  file html  https://doc.rust-lang.org/std/ffi/type.c_size_t.html  +4 links
[721b26db loop 5] job 0001  file html  https://doc.rust-lang.org/std/ffi/type.c_short.html  +4 links
[721b26db loop 4] job 0001  file html  https://doc.rust-lang.org/std/io/type.Result.html  +5 links
[721b26db loop 8] job 0001  file html  https://doc.rust-lang.org/std/num/type.NonZeroI64.html  +7 links
[721b26db loop 6] job 0001  file html  https://doc.rust-lang.org/std/num/type.NonZeroI32.html  +7 links
[721b26db loop 1] job 0001  file html  https://doc.rust-lang.org/std/num/type.NonZeroIsize.html  +7 links
[721b26db loop 2] job 0001  file html  https://doc.rust-lang.org/std/num/type.NonZeroU128.html  +7 links
[721b26db loop 0] job 0001  file html  https://doc.rust-lang.org/std/num/type.NonZeroUsize.html  +7 links
[721b26db loop 7] job 0001  file html  https://doc.rust-lang.org/std/os/linux/raw/type.dev_t.html  +6 links
[721b26db loop 9] job 0001  file html  https://doc.rust-lang.org/std/os/linux/raw/type.mode_t.html  +6 links
[721b26db loop 3] job 0001  file html  https://doc.rust-lang.org/std/os/linux/raw/type.ino_t.html  +6 links
[721b26db loop 5] job 0001  file html  https://doc.rust-lang.org/std/os/linux/raw/type.nlink_t.html  +6 links
[721b26db loop 4] job 0001  file html  https://doc.rust-lang.org/std/os/linux/raw/type.off_t.html  +6 links
[721b26db loop 8] job 0001  file html  https://doc.rust-lang.org/std/os/linux/raw/type.pthread_t.html  +6 links
[721b26db loop 6] job 0001  file html  https://doc.rust-lang.org/std/os/raw/type.c_float.html  +6 links
[721b26db loop 1] job 0001  file html  https://doc.rust-lang.org/std/os/raw/type.c_int.html  +8 links
[721b26db loop 2] job 0001  file html  https://doc.rust-lang.org/std/os/raw/type.c_long.html  +8 links
[721b26db loop 9] job 0001  file html  https://doc.rust-lang.org/std/os/raw/type.c_uchar.html  +7 links
[721b26db loop 7] job 0001  file html  https://doc.rust-lang.org/std/os/raw/type.c_short.html  +6 links
[721b26db loop 0] job 0001  file html  https://doc.rust-lang.org/std/os/raw/type.c_longlong.html  +8 links
[721b26db loop 3] job 0001  file html  https://doc.rust-lang.org/std/os/raw/type.c_ulong.html  +8 links
[721b26db loop 8] job 0001  file html  https://doc.rust-lang.org/std/os/unix/raw/type.blksize_t.html  +6 links
[721b26db loop 5] job 0001  file html  https://doc.rust-lang.org/std/os/raw/type.c_ulonglong.html  +8 links
[721b26db loop 4] job 0001  file html  https://doc.rust-lang.org/std/os/raw/type.c_ushort.html  +7 links
[721b26db loop 6] job 0001  file html  https://doc.rust-lang.org/std/os/unix/raw/type.mode_t.html  +6 links
[721b26db loop 1] job 0001  file html  https://doc.rust-lang.org/std/os/unix/raw/type.nlink_t.html  +6 links
[721b26db loop 2] job 0001  file html  https://doc.rust-lang.org/std/os/unix/raw/type.off_t.html  +6 links
[721b26db loop 9] job 0001  file html  https://doc.rust-lang.org/std/os/unix/raw/type.uid_t.html  +6 links
[721b26db loop 7] job 0001  file html  https://doc.rust-lang.org/std/os/unix/thread/type.RawPthread.html  +6 links
[721b26db loop 0] job 0001  file html  https://doc.rust-lang.org/std/os/windows/raw/type.HANDLE.html  +7 links
[721b26db loop 3] job 0001  file html  https://doc.rust-lang.org/std/panic/type.PanicInfo.html  +4 links
[721b26db loop 8] job 0001  file html  https://doc.rust-lang.org/std/ptr/type.Alignment.html  +4 links
[721b26db loop 5] job 0001  file html  https://doc.rust-lang.org/std/simd/type.f16x4.html  +5 links
[721b26db loop 4] job 0001  file html  https://doc.rust-lang.org/std/simd/type.f16x64.html  +5 links
[721b26db loop 2] job 0001  file html  https://doc.rust-lang.org/std/simd/type.f32x2.html  +5 links
[721b26db loop 6] job 0001  file html  https://doc.rust-lang.org/std/simd/type.f16x8.html  +5 links
[721b26db loop 1] job 0001  file html  https://doc.rust-lang.org/std/simd/type.f32x1.html  +5 links
[721b26db loop 9] job 0001  file html  https://doc.rust-lang.org/std/simd/type.f64x1.html  +5 links
[721b26db loop 7] job 0001  file html  https://doc.rust-lang.org/std/simd/type.f64x16.html  +5 links
[721b26db loop 3] job 0001  file html  https://doc.rust-lang.org/std/simd/type.i16x1.html  +5 links
[721b26db loop 8] job 0001  file html  https://doc.rust-lang.org/std/simd/type.i16x16.html  +5 links
[721b26db loop 4] job 0001  file html  https://doc.rust-lang.org/std/simd/type.i16x64.html  +5 links
[721b26db loop 2] job 0001  file html  https://doc.rust-lang.org/std/simd/type.i32x1.html  +5 links
[721b26db loop 0] job 0001  file html  https://doc.rust-lang.org/std/simd/type.f64x32.html  +5 links
[721b26db loop 6] job 0001  file html  https://doc.rust-lang.org/std/simd/type.i32x16.html  +5 links
[721b26db loop 5] job 0001  file html  https://doc.rust-lang.org/std/simd/type.i16x2.html  +5 links
[721b26db loop 1] job 0001  file html  https://doc.rust-lang.org/std/simd/type.i32x2.html  +5 links
[721b26db loop 7] job 0001  file html  https://doc.rust-lang.org/std/simd/type.i32x8.html  +5 links
[721b26db loop 9] job 0001  file html  https://doc.rust-lang.org/std/simd/type.i32x64.html  +5 links
[721b26db loop 3] job 0001  file html  https://doc.rust-lang.org/std/simd/type.i64x4.html  +5 links
[721b26db loop 8] job 0001  file html  https://doc.rust-lang.org/std/simd/type.i64x64.html  +5 links
[721b26db loop 4] job 0001  file html  https://doc.rust-lang.org/std/simd/type.i64x8.html  +5 links
[721b26db loop 2] job 0001  file html  https://doc.rust-lang.org/std/simd/type.i8x32.html  +5 links
[721b26db loop 0] job 0001  file html  https://doc.rust-lang.org/std/simd/type.i8x8.html  +5 links
[721b26db loop 5] job 0001  file html  https://doc.rust-lang.org/std/simd/type.isizex16.html  +5 links
[721b26db loop 6] job 0001  file html  https://doc.rust-lang.org/std/simd/type.isizex1.html  +5 links
[721b26db loop 1] job 0001  file html  https://doc.rust-lang.org/std/simd/type.isizex2.html  +5 links
[721b26db loop 7] job 0001  file html  https://doc.rust-lang.org/std/simd/type.isizex8.html  +5 links
[721b26db loop 8] job 0001  file html  https://doc.rust-lang.org/std/simd/type.mask16x32.html  +5 links
[721b26db loop 0] job 0001  file html  https://doc.rust-lang.org/std/simd/type.mask32x64.html  +5 links
[721b26db loop 5] job 0001  file html  https://doc.rust-lang.org/std/simd/type.mask32x8.html  +5 links
[721b26db loop 3] job 0001  file html  https://doc.rust-lang.org/std/simd/type.mask16x2.html  +5 links
[721b26db loop 9] job 0001  file html  https://doc.rust-lang.org/std/simd/type.mask16x1.html  +5 links
[721b26db loop 4] job 0001  file html  https://doc.rust-lang.org/std/simd/type.mask16x4.html  +5 links
[721b26db loop 2] job 0001  file html  https://doc.rust-lang.org/std/simd/type.mask16x64.html  +5 links
[721b26db loop 6] job 0001  file html  https://doc.rust-lang.org/std/simd/type.mask64x1.html  +5 links
[721b26db loop 1] job 0001  file html  https://doc.rust-lang.org/std/simd/type.mask64x16.html  +5 links
[721b26db loop 7] job 0001  file html  https://doc.rust-lang.org/std/simd/type.mask64x32.html  +5 links
[721b26db loop 8] job 0001  file html  https://doc.rust-lang.org/std/simd/type.mask64x8.html  +5 links
[721b26db loop 0] job 0001  file html  https://doc.rust-lang.org/std/simd/type.mask8x2.html  +5 links
[721b26db loop 5] job 0001  file html  https://doc.rust-lang.org/std/simd/type.mask8x4.html  +5 links
[721b26db loop 3] job 0001  file html  https://doc.rust-lang.org/std/simd/type.masksizex16.html  +5 links
[721b26db loop 9] job 0001  file html  https://doc.rust-lang.org/std/simd/type.masksizex2.html  +5 links
[721b26db loop 4] job 0001  file html  https://doc.rust-lang.org/std/simd/type.masksizex32.html  +5 links
[721b26db loop 2] job 0001  file html  https://doc.rust-lang.org/std/simd/type.masksizex64.html  +5 links
[721b26db loop 6] job 0001  file html  https://doc.rust-lang.org/std/simd/type.masksizex8.html  +5 links
[721b26db loop 1] job 0001  file html  https://doc.rust-lang.org/std/simd/type.u16x1.html  +5 links
[721b26db loop 5] job 0001  file html  https://doc.rust-lang.org/std/simd/type.u32x1.html  +5 links
[721b26db loop 8] job 0001  file html  https://doc.rust-lang.org/std/simd/type.u16x4.html  +5 links
[721b26db loop 7] job 0001  file html  https://doc.rust-lang.org/std/simd/type.u16x64.html  +5 links
[721b26db loop 0] job 0001  file html  https://doc.rust-lang.org/std/simd/type.u16x8.html  +5 links
[721b26db loop 3] job 0001  file html  https://doc.rust-lang.org/std/simd/type.u32x64.html  +5 links
[721b26db loop 9] job 0001  file html  https://doc.rust-lang.org/std/simd/type.u64x1.html  +5 links
[721b26db loop 4] job 0001  file html  https://doc.rust-lang.org/std/simd/type.u64x32.html  +5 links
[721b26db loop 2] job 0001  file html  https://doc.rust-lang.org/std/simd/type.u64x4.html  +5 links
[721b26db loop 6] job 0001  file html  https://doc.rust-lang.org/std/simd/type.u64x64.html  +5 links
[721b26db loop 1] job 0001  file html  https://doc.rust-lang.org/std/simd/type.usizex16.html  +5 links
[721b26db loop 5] job 0001  file html  https://doc.rust-lang.org/std/simd/type.usizex2.html  +5 links
[721b26db loop 8] job 0001  file html  https://doc.rust-lang.org/std/simd/type.usizex32.html  +5 links
[721b26db loop 3] job 0001  file html  https://doc.rust-lang.org/std/string/type.ParseError.html  +4 links
[721b26db loop 0] job 0001  file html  https://doc.rust-lang.org/std/simd/type.usizex8.html  +5 links
[721b26db loop 7] job 0001  file html  https://doc.rust-lang.org/std/simd/type.usizex64.html  +5 links
[721b26db loop 9] job 0001  file html  https://doc.rust-lang.org/std/sync/type.LockResult.html  +5 links
[721b26db loop 4] job 0001  file html  https://doc.rust-lang.org/std/sync/type.TryLockResult.html  +6 links
[721b26db loop 2] job 0001  file html  https://doc.rust-lang.org/std/sync/atomic/type.AtomicI16.html  +6 links
[721b26db loop 6] job 0001  file html  https://doc.rust-lang.org/std/sync/atomic/type.AtomicI32.html  +6 links
[721b26db loop 1] job 0001  file html  https://doc.rust-lang.org/std/sync/atomic/type.AtomicIsize.html  +6 links
[721b26db loop 5] job 0001  file html  https://doc.rust-lang.org/std/sync/atomic/type.AtomicU64.html  +6 links
[721b26db loop 8] job 0001  file html  https://doc.rust-lang.org/std/sync/atomic/type.AtomicUsize.html  +6 links
[721b26db loop 0] job 0001  file html  https://doc.rust-lang.org/std/thread/type.Result.html  +9 links
[721b26db loop 3] job 0001  file html  https://doc.rust-lang.org/std/sync/poison/type.LockResult.html  +6 links
[721b26db loop 7] job 0001  file html  https://doc.rust-lang.org/std/char/constant.MAX.html  +4 links
[721b26db loop 9] job 0001  file html  https://doc.rust-lang.org/std/char/constant.REPLACEMENT_CHARACTER.html  +4 links
[721b26db loop 4] job 0001  file html  https://doc.rust-lang.org/std/char/constant.UNICODE_VERSION.html  +5 links
[721b26db loop 2] job 0001  file html  https://doc.rust-lang.org/std/env/consts/constant.ARCH.html  +5 links
[721b26db loop 6] job 0001  file html  https://doc.rust-lang.org/std/env/consts/constant.DLL_EXTENSION.html  +5 links
[721b26db loop 5] job 0001  file html  https://doc.rust-lang.org/std/f128/consts/constant.FRAC_1_PI.html  +5 links
[721b26db loop 1] job 0001  file html  https://doc.rust-lang.org/std/f128/consts/constant.E.html  +5 links
[721b26db loop 8] job 0001  file html  https://doc.rust-lang.org/std/f128/consts/constant.FRAC_1_SQRT_2PI.html  +5 links
[721b26db loop 3] job 0001  file html  https://doc.rust-lang.org/std/f128/consts/constant.FRAC_2_PI.html  +5 links
[721b26db loop 7] job 0001  file html  https://doc.rust-lang.org/std/f128/consts/constant.FRAC_2_SQRT_PI.html  +5 links
[721b26db loop 0] job 0001  file html  https://doc.rust-lang.org/std/f128/consts/constant.FRAC_1_SQRT_PI.html  +5 links
[721b26db loop 4] job 0001  file html  https://doc.rust-lang.org/std/f128/consts/constant.FRAC_PI_4.html  +5 links
[721b26db loop 9] job 0001  file html  https://doc.rust-lang.org/std/f128/consts/constant.FRAC_PI_3.html  +5 links
[721b26db loop 2] job 0001  file html  https://doc.rust-lang.org/std/f128/consts/constant.FRAC_PI_8.html  +5 links
[721b26db loop 6] job 0001  file html  https://doc.rust-lang.org/std/f128/consts/constant.LN_2.html  +5 links
[721b26db loop 1] job 0001  file html  https://doc.rust-lang.org/std/f128/consts/constant.LOG10_E.html  +5 links
[721b26db loop 5] job 0001  file html  https://doc.rust-lang.org/std/f128/consts/constant.LOG10_2.html  +5 links
[721b26db loop 8] job 0001  file html  https://doc.rust-lang.org/std/f16/consts/constant.EULER_GAMMA.html  +5 links
[721b26db loop 7] job 0001  file html  https://doc.rust-lang.org/std/f16/consts/constant.FRAC_1_SQRT_3.html  +5 links
[721b26db loop 3] job 0001  file html  https://doc.rust-lang.org/std/f16/consts/constant.FRAC_1_SQRT_2.html  +5 links
[721b26db loop 0] job 0001  file html  https://doc.rust-lang.org/std/f16/consts/constant.FRAC_1_SQRT_5.html  +5 links
[721b26db loop 9] job 0001  file html  https://doc.rust-lang.org/std/f16/consts/constant.FRAC_PI_3.html  +5 links
[721b26db loop 4] job 0001  file html  https://doc.rust-lang.org/std/f16/consts/constant.FRAC_1_SQRT_PI.html  +5 links
[721b26db loop 2] job 0001  file html  https://doc.rust-lang.org/std/f16/consts/constant.FRAC_PI_4.html  +5 links
[721b26db loop 6] job 0001  file html  https://doc.rust-lang.org/std/f16/consts/constant.LN_2.html  +5 links
[721b26db loop 5] job 0001  file html  https://doc.rust-lang.org/std/f16/consts/constant.LOG10_2.html  +5 links
[721b26db loop 8] job 0001  file html  https://doc.rust-lang.org/std/f16/consts/constant.LOG2_10.html  +5 links
[721b26db loop 1] job 0001  file html  https://doc.rust-lang.org/std/f16/consts/constant.LOG10_E.html  +5 links
[721b26db loop 7] job 0001  file html  https://doc.rust-lang.org/std/f16/consts/constant.LOG2_E.html  +5 links
[721b26db loop 3] job 0001  file html  https://doc.rust-lang.org/std/f16/consts/constant.PI.html  +5 links
[721b26db loop 0] job 0001  file html  https://doc.rust-lang.org/std/f16/consts/constant.SQRT_2.html  +5 links
[721b26db loop 4] job 0001  file html  https://doc.rust-lang.org/std/f32/constant.MAX.html  +4 links
[721b26db loop 2] job 0001  file html  https://doc.rust-lang.org/std/f32/constant.MAX_10_EXP.html  +5 links
[721b26db loop 9] job 0001  file html  https://doc.rust-lang.org/std/f16/consts/constant.SQRT_3.html  +5 links
[721b26db loop 6] job 0001  file html  https://doc.rust-lang.org/std/f32/constant.MIN_POSITIVE.html  +4 links
[721b26db loop 5] job 0001  file html  https://doc.rust-lang.org/std/f32/constant.NAN.html  +4 links
[721b26db loop 8] job 0001  file html  https://doc.rust-lang.org/std/f32/constant.NEG_INFINITY.html  +4 links
[721b26db loop 1] job 0001  file html  https://doc.rust-lang.org/std/f32/constant.RADIX.html  +5 links
[721b26db loop 0] job 0001  file html  https://doc.rust-lang.org/std/f32/consts/constant.FRAC_1_SQRT_3.html  +5 links
[721b26db loop 7] job 0001  file html  https://doc.rust-lang.org/std/f32/consts/constant.EULER_GAMMA.html  +5 links
[721b26db loop 3] job 0001  file html  https://doc.rust-lang.org/std/f32/consts/constant.FRAC_1_SQRT_2.html  +5 links
[721b26db loop 4] job 0001  file html  https://doc.rust-lang.org/std/f32/consts/constant.FRAC_1_SQRT_5.html  +5 links
[721b26db loop 2] job 0001  file html  https://doc.rust-lang.org/std/f32/consts/constant.FRAC_PI_2.html  +5 links
[721b26db loop 9] job 0001  file html  https://doc.rust-lang.org/std/f32/consts/constant.FRAC_PI_3.html  +5 links
[721b26db loop 6] job 0001  file html  https://doc.rust-lang.org/std/f32/consts/constant.FRAC_PI_6.html  +5 links
[721b26db loop 5] job 0001  file html  https://doc.rust-lang.org/std/f32/consts/constant.GOLDEN_RATIO.html  +5 links
[721b26db loop 8] job 0001  file html  https://doc.rust-lang.org/std/f32/consts/constant.LOG10_2.html  +5 links
[721b26db loop 1] job 0001  file html  https://doc.rust-lang.org/std/f32/consts/constant.LOG10_E.html  +5 links
[721b26db loop 0] job 0001  file html  https://doc.rust-lang.org/std/f32/consts/constant.LOG2_10.html  +5 links
[721b26db loop 7] job 0001  file html  https://doc.rust-lang.org/std/f32/consts/constant.LOG2_E.html  +5 links
[721b26db loop 3] job 0001  file html  https://doc.rust-lang.org/std/f32/consts/constant.PI.html  +5 links
[721b26db loop 4] job 0001  file html  https://doc.rust-lang.org/std/f32/consts/constant.SQRT_2.html  +5 links
[721b26db loop 9] job 0001  file html  https://doc.rust-lang.org/std/f64/constant.EPSILON.html  +4 links
[721b26db loop 6] job 0001  file html  https://doc.rust-lang.org/std/f64/constant.INFINITY.html  +4 links
[721b26db loop 2] job 0001  file html  https://doc.rust-lang.org/std/f64/constant.MANTISSA_DIGITS.html  +5 links
[721b26db loop 0] job 0001  file html  https://doc.rust-lang.org/std/f64/constant.RADIX.html  +5 links
[721b26db loop 5] job 0001  file html  https://doc.rust-lang.org/std/f64/constant.MIN_EXP.html  +5 links
[721b26db loop 1] job 0001  file html  https://doc.rust-lang.org/std/f64/constant.NEG_INFINITY.html  +4 links
[721b26db loop 8] job 0001  file html  https://doc.rust-lang.org/std/f64/constant.NAN.html  +4 links
[721b26db loop 7] job 0001  file html  https://doc.rust-lang.org/std/f64/consts/constant.E.html  +5 links
[721b26db loop 3] job 0001  file html  https://doc.rust-lang.org/std/f64/consts/constant.FRAC_1_SQRT_5.html  +5 links
[721b26db loop 4] job 0001  file html  https://doc.rust-lang.org/std/f64/consts/constant.FRAC_1_SQRT_3.html  +5 links
[721b26db loop 9] job 0001  file html  https://doc.rust-lang.org/std/f64/consts/constant.FRAC_2_SQRT_PI.html  +5 links
[721b26db loop 6] job 0001  file html  https://doc.rust-lang.org/std/f64/consts/constant.FRAC_PI_4.html  +5 links
[721b26db loop 2] job 0001  file html  https://doc.rust-lang.org/std/f64/consts/constant.FRAC_PI_6.html  +5 links
[721b26db loop 1] job 0001  file html  https://doc.rust-lang.org/std/f64/consts/constant.LOG2_10.html  +5 links
[721b26db loop 8] job 0001  file html  https://doc.rust-lang.org/std/f64/consts/constant.LOG2_E.html  +5 links
[721b26db loop 3] job 0001  file html  https://doc.rust-lang.org/std/f64/consts/constant.TAU.html  +5 links
[721b26db loop 4] job 0001  file html  https://doc.rust-lang.org/std/i128/constant.MAX.html  +4 links
[721b26db loop 0] job 0001  file html  https://doc.rust-lang.org/std/f64/consts/constant.LOG10_2.html  +5 links
[721b26db loop 5] job 0001  file html  https://doc.rust-lang.org/std/f64/consts/constant.LOG10_E.html  +5 links
[721b26db loop 7] job 0001  file html  https://doc.rust-lang.org/std/f64/consts/constant.SQRT_5.html  +5 links
[721b26db loop 9] job 0001  file html  https://doc.rust-lang.org/std/i32/constant.MIN.html  +4 links
[721b26db loop 2] job 0001  file html  https://doc.rust-lang.org/std/i64/constant.MIN.html  +4 links
[721b26db loop 6] job 0001  file html  https://doc.rust-lang.org/std/i64/constant.MAX.html  +4 links
[721b26db loop 1] job 0001  file html  https://doc.rust-lang.org/std/isize/constant.MIN.html  +4 links
[721b26db loop 8] job 0001  file html  https://doc.rust-lang.org/std/os/fd/constant.STDIN.html  +7 links
[721b26db loop 3] job 0001  file html  https://doc.rust-lang.org/std/os/fd/constant.STDOUT.html  +8 links
[721b26db loop 0] job 0001  file html  https://doc.rust-lang.org/std/sync/atomic/constant.ATOMIC_BOOL_INIT.html  +7 links
[721b26db loop 4] job 0001  file html  https://doc.rust-lang.org/std/path/constant.SEPARATORS_STR.html  +5 links
[721b26db loop 5] job 0001  file html  https://doc.rust-lang.org/std/sync/atomic/constant.ATOMIC_ISIZE_INIT.html  +7 links
[721b26db loop 7] job 0001  file html  https://doc.rust-lang.org/std/sync/atomic/constant.ATOMIC_USIZE_INIT.html  +7 links
[721b26db loop 9] job 0001  file html  https://doc.rust-lang.org/std/u128/constant.MAX.html  +4 links
[721b26db loop 2] job 0001  file html  https://doc.rust-lang.org/std/u16/constant.MIN.html  +4 links
[721b26db loop 0] job 0001  file js    https://doc.rust-lang.org/std/result/sidebar-items1.99.0.js  +0 links
[721b26db loop 4] job 0001  file js    https://doc.rust-lang.org/std/str/sidebar-items1.99.0.js  +0 links
[721b26db loop 5] job 0001  file js    https://doc.rust-lang.org/std/rc/sidebar-items1.99.0.js  +0 links
[721b26db loop 7] job 0001  file js    https://doc.rust-lang.org/std/option/sidebar-items1.99.0.js  +0 links
[721b26db loop 1] job 0001  file html  https://doc.rust-lang.org/std/u32/constant.MIN.html  +4 links
[721b26db loop 6] job 0001  file html  https://doc.rust-lang.org/std/u32/constant.MAX.html  +4 links
[721b26db loop 8] job 0001  file html  https://doc.rust-lang.org/std/u64/constant.MAX.html  +4 links
[721b26db loop 9] job 0001  file js    https://doc.rust-lang.org/std/cell/sidebar-items1.99.0.js  +0 links
[721b26db loop 4] job 0001  file js    https://doc.rust-lang.org/std/string/sidebar-items1.99.0.js  +0 links
[721b26db loop 7] job 0001  file js    https://doc.rust-lang.org/std/sync/sidebar-items1.99.0.js  +0 links
[721b26db loop 1] job 0001  file js    https://doc.rust-lang.org/std/net/sidebar-items1.99.0.js  +0 links
[721b26db loop 6] job 0001  file js    https://doc.rust-lang.org/std/iter/sidebar-items1.99.0.js  +0 links
[721b26db loop 3] job 0001  file html  https://doc.rust-lang.org/std/u64/constant.MIN.html  +4 links
[721b26db loop 2] job 0001  file html  https://doc.rust-lang.org/std/prelude/rust_2018/index.html  +4 links
[721b26db loop 0] job 0001  file html  https://doc.rust-lang.org/std/prelude/rust_2024/index.html  +5 links
[721b26db loop 5] job 0001  file html  https://doc.rust-lang.org/std/str/pattern/index.html  +18 links
[721b26db loop 8] job 0001  file html  https://doc.rust-lang.org/std/collections/binary_heap/index.html  +11 links
[721b26db loop 4] job 0001  file html  https://doc.rust-lang.org/std/collections/btree_set/index.html  +21 links
[721b26db loop 7] job 0001  file html  https://doc.rust-lang.org/std/collections/hash_map/index.html  +23 links
[721b26db loop 6] job 0001  file html  https://doc.rust-lang.org/std/collections/linked_list/index.html  +13 links
[721b26db loop 9] job 0001  file html  https://doc.rust-lang.org/std/collections/btree_map/index.html  +24 links
[721b26db loop 1] job 0001  file html  https://doc.rust-lang.org/std/collections/hash_set/index.html  +15 links
[721b26db loop 3] job 0001  file html  https://doc.rust-lang.org/std/collections/vec_deque/index.html  +10 links
[721b26db loop 2] job 0001  file html  https://doc.rust-lang.org/std/sync/oneshot/index.html  +8 links
[721b26db loop 0] job 0001  file html  https://doc.rust-lang.org/std/sync/poison/index.html  +23 links
[721b26db loop 5] job 0001  file html  https://doc.rust-lang.org/std/f16/consts/index.html  +30 links
[721b26db loop 8] job 0001  file html  https://doc.rust-lang.org/std/mem/type_info/index.html  +31 links
[721b26db loop 6] job 0001  file html  https://doc.rust-lang.org/std/os/windows/index.html  +15 links
[721b26db loop 4] job 0001  file html  https://doc.rust-lang.org/std/os/wasi/index.html  +9 links
[721b26db loop 9] job 0001  file html  https://doc.rust-lang.org/std/range/legacy/index.html  +12 links
[721b26db loop 3] job 0001  file html  https://doc.rust-lang.org/std/simd/num/index.html  +6 links
[721b26db loop 7] job 0001  file html  https://doc.rust-lang.org/std/os/wasip2/index.html  +3 links
[721b26db loop 2] job 0001  file html  https://doc.rust-lang.org/std/simd/ptr/index.html  +9 links
[721b26db loop 1] job 0001  file html  https://doc.rust-lang.org/std/f128/consts/index.html  +30 links
[721b26db loop 8] job 0001  file js    https://doc.rust-lang.org/std/array/sidebar-items1.99.0.js  +0 links
[721b26db loop 0] job 0001  file html  https://doc.rust-lang.org/std/intrinsics/gpu/index.html  +3 links
[721b26db loop 5] job 0001  file html  https://doc.rust-lang.org/std/offload/offload/index.html  +5 links
[721b26db loop 6] job 0001  file js    https://doc.rust-lang.org/std/any/sidebar-items1.99.0.js  +0 links
[721b26db loop 4] job 0001  file js    https://doc.rust-lang.org/std/bstr/sidebar-items1.99.0.js  +0 links
[721b26db loop 9] job 0001  file js    https://doc.rust-lang.org/std/cmp/sidebar-items1.99.0.js  +0 links
[721b26db loop 3] job 0001  file js    https://doc.rust-lang.org/std/char/sidebar-items1.99.0.js  +0 links
[721b26db loop 2] job 0001  file html  https://doc.rust-lang.org/std/i16/index.html  +5 links
[721b26db loop 7] job 0001  file html  https://doc.rust-lang.org/std/i32/index.html  +5 links
[721b26db loop 0] job 0001  file js    https://doc.rust-lang.org/std/collections/hash_set/sidebar-items1.99.0.js  +0 links
[721b26db loop 5] job 0001  file js    https://doc.rust-lang.org/std/collections/linked_list/sidebar-items1.99.0.js  +0 links
[721b26db loop 4] job 0001  file js    https://doc.rust-lang.org/std/env/sidebar-items1.99.0.js  +0 links
[721b26db loop 6] job 0001  file js    https://doc.rust-lang.org/std/collections/vec_deque/sidebar-items1.99.0.js  +0 links
[721b26db loop 9] job 0001  file js    https://doc.rust-lang.org/std/ffi/sidebar-items1.99.0.js  +0 links
[721b26db loop 3] job 0001  file js    https://doc.rust-lang.org/std/error/sidebar-items1.99.0.js  +0 links
[721b26db loop 2] job 0001  file js    https://doc.rust-lang.org/std/ffi/c_str/sidebar-items1.99.0.js  +0 links
[721b26db loop 7] job 0001  file js    https://doc.rust-lang.org/std/fmt/sidebar-items1.99.0.js  +0 links
[721b26db loop 0] job 0001  file js    https://doc.rust-lang.org/std/ffi/os_str/sidebar-items1.99.0.js  +0 links
[721b26db loop 5] job 0001  file js    https://doc.rust-lang.org/std/hash/sidebar-items1.99.0.js  +0 links
[721b26db loop 4] job 0001  file js    https://doc.rust-lang.org/std/field/sidebar-items1.99.0.js  +0 links
[721b26db loop 6] job 0001  file js    https://doc.rust-lang.org/std/intrinsics/mir/sidebar-items1.99.0.js  +0 links
[721b26db loop 9] job 0001  file js    https://doc.rust-lang.org/std/io/sidebar-items1.99.0.js  +0 links
[721b26db loop 3] job 0001  file js    https://doc.rust-lang.org/std/marker/sidebar-items1.99.0.js  +0 links
[721b26db loop 8] job 0001  file html  https://doc.rust-lang.org/std/primitive.f128.html  +70 links
[721b26db loop 1] job 0001  file html  https://doc.rust-lang.org/std/primitive.isize.html  +122 links
[721b26db loop 1] job 0001 finished
